date,day_of_week,month,meal_slot,scenario,academic_event,is_raining,attendance_pct,actual_attendance
2024-01-01,0,1,breakfast,baseline,,0,0.4126,248
2024-01-01,0,1,lunch,baseline,,0,0.6714,403
2024-01-01,0,1,dinner,baseline,,0,0.8064,484
2024-01-02,1,1,breakfast,baseline,,0,0.4031,242
2024-01-02,1,1,lunch,baseline,,0,0.6398,384
2024-01-02,1,1,dinner,baseline,,0,0.731,439
2024-01-03,2,1,breakfast,baseline,,0,0.4193,252
2024-01-03,2,1,lunch,baseline,,0,0.6779,407
2024-01-03,2,1,dinner,baseline,,0,0.7967,478
2024-01-04,3,1,breakfast,baseline,,0,0.4906,294
2024-01-04,3,1,lunch,baseline,,0,0.657,394
2024-01-04,3,1,dinner,baseline,,0,0.6984,419
2024-01-05,4,1,breakfast,baseline,,0,0.4155,249
2024-01-05,4,1,lunch,baseline,,0,0.6778,407
2024-01-05,4,1,dinner,baseline,,0,0.747,448
2024-01-06,5,1,breakfast,weekend,,0,0.2837,170
2024-01-06,5,1,lunch,weekend,,0,0.7685,461
2024-01-06,5,1,dinner,weekend,,0,0.7736,464
2024-01-07,6,1,breakfast,best_menu,,0,0.5183,311
2024-01-07,6,1,lunch,best_menu,,0,0.8341,500
2024-01-07,6,1,dinner,best_menu,,0,0.9263,556
2024-01-08,0,1,breakfast,baseline,,0,0.4655,279
2024-01-08,0,1,lunch,baseline,,0,0.7418,445
2024-01-08,0,1,dinner,baseline,,0,0.7256,435
2024-01-09,1,1,breakfast,baseline,,0,0.4207,252
2024-01-09,1,1,lunch,baseline,,0,0.6645,399
2024-01-09,1,1,dinner,baseline,,0,0.8177,491
2024-01-10,2,1,breakfast,baseline,,0,0.4198,252
2024-01-10,2,1,lunch,baseline,,0,0.5916,355
2024-01-10,2,1,dinner,baseline,,0,0.789,473
2024-01-11,3,1,breakfast,baseline,,0,0.4696,282
2024-01-11,3,1,lunch,baseline,,0,0.5996,360
2024-01-11,3,1,dinner,baseline,,0,0.7639,458
2024-01-12,4,1,breakfast,baseline,,0,0.4579,275
2024-01-12,4,1,lunch,baseline,,0,0.6775,406
2024-01-12,4,1,dinner,baseline,,0,0.7634,458
2024-01-13,5,1,breakfast,weekend,,0,0.3016,181
2024-01-13,5,1,lunch,weekend,,0,0.7162,430
2024-01-13,5,1,dinner,weekend,,0,0.8229,494
2024-01-14,6,1,breakfast,best_menu,,0,0.5197,312
2024-01-14,6,1,lunch,best_menu,,0,0.7699,462
2024-01-14,6,1,dinner,best_menu,,0,0.854,512
2024-01-15,0,1,breakfast,baseline,,0,0.5038,302
2024-01-15,0,1,lunch,baseline,,0,0.5895,354
2024-01-15,0,1,dinner,baseline,,0,0.8081,485
2024-01-16,1,1,breakfast,baseline,,0,0.4379,263
2024-01-16,1,1,lunch,baseline,,0,0.6416,385
2024-01-16,1,1,dinner,baseline,,0,0.7852,471
2024-01-17,2,1,breakfast,baseline,,0,0.4786,287
2024-01-17,2,1,lunch,baseline,,0,0.6157,369
2024-01-17,2,1,dinner,baseline,,0,0.7223,433
2024-01-18,3,1,breakfast,baseline,,0,0.4431,266
2024-01-18,3,1,lunch,baseline,,0,0.5687,341
2024-01-18,3,1,dinner,baseline,,0,0.682,409
2024-01-19,4,1,breakfast,baseline,,0,0.4679,281
2024-01-19,4,1,lunch,baseline,,0,0.6405,384
2024-01-19,4,1,dinner,baseline,,0,0.7914,475
2024-01-20,5,1,breakfast,weekend,,0,0.3038,182
2024-01-20,5,1,lunch,weekend,,0,0.735,441
2024-01-20,5,1,dinner,weekend,,0,0.7639,458
2024-01-21,6,1,breakfast,best_menu,,0,0.5051,303
2024-01-21,6,1,lunch,best_menu,,0,0.7768,466
2024-01-21,6,1,dinner,best_menu,,0,0.8725,524
2024-01-22,0,1,breakfast,baseline,,0,0.4675,281
2024-01-22,0,1,lunch,baseline,,0,0.6096,366
2024-01-22,0,1,dinner,baseline,,0,0.7507,450
2024-01-23,1,1,breakfast,baseline,,0,0.4661,280
2024-01-23,1,1,lunch,baseline,,0,0.667,400
2024-01-23,1,1,dinner,baseline,,0,0.7441,446
2024-01-24,2,1,breakfast,baseline,,0,0.4471,268
2024-01-24,2,1,lunch,baseline,,0,0.5478,329
2024-01-24,2,1,dinner,baseline,,0,0.6632,398
2024-01-25,3,1,breakfast,pre_holiday,pre_holiday,0,0.3834,230
2024-01-25,3,1,lunch,pre_holiday,pre_holiday,0,0.43,258
2024-01-25,3,1,dinner,pre_holiday,pre_holiday,0,0.487,292
2024-01-26,4,1,breakfast,post_holiday,holiday,0,0.4232,254
2024-01-26,4,1,lunch,post_holiday,holiday,0,0.5262,316
2024-01-26,4,1,dinner,post_holiday,holiday,0,0.6707,402
2024-01-27,5,1,breakfast,post_holiday,post_holiday,0,0.377,226
2024-01-27,5,1,lunch,post_holiday,post_holiday,0,0.5005,300
2024-01-27,5,1,dinner,post_holiday,post_holiday,0,0.6162,370
2024-01-28,6,1,breakfast,best_menu,,0,0.4596,276
2024-01-28,6,1,lunch,best_menu,,0,0.8278,497
2024-01-28,6,1,dinner,best_menu,,0,0.9171,550
2024-01-29,0,1,breakfast,baseline,,0,0.3979,239
2024-01-29,0,1,lunch,baseline,,0,0.637,382
2024-01-29,0,1,dinner,baseline,,0,0.7182,431
2024-01-30,1,1,breakfast,baseline,,0,0.4508,270
2024-01-30,1,1,lunch,baseline,,0,0.7145,429
2024-01-30,1,1,dinner,baseline,,0,0.7356,441
2024-01-31,2,1,breakfast,baseline,,0,0.4565,274
2024-01-31,2,1,lunch,baseline,,0,0.6445,387
2024-01-31,2,1,dinner,baseline,,0,0.8316,499
2024-02-01,3,2,breakfast,baseline,,0,0.4628,278
2024-02-01,3,2,lunch,baseline,,0,0.7075,424
2024-02-01,3,2,dinner,baseline,,0,0.6787,407
2024-02-02,4,2,breakfast,baseline,,0,0.4166,250
2024-02-02,4,2,lunch,baseline,,0,0.6136,368
2024-02-02,4,2,dinner,baseline,,0,0.6674,400
2024-02-03,5,2,breakfast,weekend,,0,0.2947,177
2024-02-03,5,2,lunch,weekend,,0,0.6176,371
2024-02-03,5,2,dinner,weekend,,0,0.7197,432
2024-02-04,6,2,breakfast,best_menu,,0,0.5691,341
2024-02-04,6,2,lunch,best_menu,,0,0.9278,557
2024-02-04,6,2,dinner,best_menu,,0,1.0,600
2024-02-05,0,2,breakfast,baseline,,0,0.4144,249
2024-02-05,0,2,lunch,baseline,,0,0.5253,315
2024-02-05,0,2,dinner,baseline,,0,0.7661,460
2024-02-06,1,2,breakfast,baseline,,0,0.435,261
2024-02-06,1,2,lunch,baseline,,0,0.6023,361
2024-02-06,1,2,dinner,baseline,,0,0.7416,445
2024-02-07,2,2,breakfast,baseline,,0,0.4557,273
2024-02-07,2,2,lunch,baseline,,0,0.6253,375
2024-02-07,2,2,dinner,baseline,,0,0.6879,413
2024-02-08,3,2,breakfast,baseline,,0,0.4325,259
2024-02-08,3,2,lunch,baseline,,0,0.6306,378
2024-02-08,3,2,dinner,baseline,,0,0.8561,514
2024-02-09,4,2,breakfast,baseline,,0,0.4854,291
2024-02-09,4,2,lunch,baseline,,0,0.608,365
2024-02-09,4,2,dinner,baseline,,0,0.6789,407
2024-02-10,5,2,breakfast,rain_weekend,,1,0.1884,113
2024-02-10,5,2,lunch,rain_weekend,,1,0.7022,421
2024-02-10,5,2,dinner,rain_weekend,,1,0.6229,374
2024-02-11,6,2,breakfast,best_menu,,0,0.4948,297
2024-02-11,6,2,lunch,best_menu,,0,0.8596,516
2024-02-11,6,2,dinner,best_menu,,0,0.9277,557
2024-02-12,0,2,breakfast,exam,exam,0,0.6479,389
2024-02-12,0,2,lunch,exam,exam,0,0.6949,417
2024-02-12,0,2,dinner,exam,exam,0,0.8976,539
2024-02-13,1,2,breakfast,rain_exam,exam,1,0.5261,316
2024-02-13,1,2,lunch,rain_exam,exam,1,0.5985,359
2024-02-13,1,2,dinner,rain_exam,exam,1,0.7435,446
2024-02-14,2,2,breakfast,exam,exam,0,0.6583,395
2024-02-14,2,2,lunch,exam,exam,0,0.7264,436
2024-02-14,2,2,dinner,exam,exam,0,0.8865,532
2024-02-15,3,2,breakfast,exam,exam,0,0.6614,397
2024-02-15,3,2,lunch,exam,exam,0,0.7092,426
2024-02-15,3,2,dinner,exam,exam,0,0.9434,566
2024-02-16,4,2,breakfast,exam,exam,0,0.7299,438
2024-02-16,4,2,lunch,exam,exam,0,0.7441,446
2024-02-16,4,2,dinner,exam,exam,0,0.7818,469
2024-02-17,5,2,breakfast,exam,exam,0,0.7358,442
2024-02-17,5,2,lunch,exam,exam,0,0.8345,501
2024-02-17,5,2,dinner,exam,exam,0,0.8542,513
2024-02-18,6,2,breakfast,exam,exam,0,0.726,436
2024-02-18,6,2,lunch,exam,exam,0,0.6684,401
2024-02-18,6,2,dinner,exam,exam,0,0.8046,483
2024-02-19,0,2,breakfast,exam,exam,0,0.6295,378
2024-02-19,0,2,lunch,exam,exam,0,0.733,440
2024-02-19,0,2,dinner,exam,exam,0,0.8553,513
2024-02-20,1,2,breakfast,rain_exam,exam,1,0.649,389
2024-02-20,1,2,lunch,rain_exam,exam,1,0.6715,403
2024-02-20,1,2,dinner,rain_exam,exam,1,0.7711,463
2024-02-21,2,2,breakfast,exam,exam,0,0.6475,388
2024-02-21,2,2,lunch,exam,exam,0,0.6839,410
2024-02-21,2,2,dinner,exam,exam,0,0.7822,469
2024-02-22,3,2,breakfast,exam,exam,0,0.6326,380
2024-02-22,3,2,lunch,exam,exam,0,0.7871,472
2024-02-22,3,2,dinner,exam,exam,0,0.7747,465
2024-02-23,4,2,breakfast,baseline,,0,0.4326,260
2024-02-23,4,2,lunch,baseline,,0,0.6167,370
2024-02-23,4,2,dinner,baseline,,0,0.8102,486
2024-02-24,5,2,breakfast,weekend,,0,0.3321,199
2024-02-24,5,2,lunch,weekend,,0,0.6913,415
2024-02-24,5,2,dinner,weekend,,0,0.7397,444
2024-02-25,6,2,breakfast,rain_weekend,,1,0.2039,122
2024-02-25,6,2,lunch,rain_weekend,,1,0.6085,365
2024-02-25,6,2,dinner,rain_weekend,,1,0.6088,365
2024-02-26,0,2,breakfast,baseline,,0,0.4582,275
2024-02-26,0,2,lunch,baseline,,0,0.7609,457
2024-02-26,0,2,dinner,baseline,,0,0.8626,518
2024-02-27,1,2,breakfast,baseline,,0,0.4397,264
2024-02-27,1,2,lunch,baseline,,0,0.5592,336
2024-02-27,1,2,dinner,baseline,,0,0.7146,429
2024-02-28,2,2,breakfast,rain,,1,0.3472,208
2024-02-28,2,2,lunch,rain,,1,0.5022,301
2024-02-28,2,2,dinner,rain,,1,0.6002,360
2024-02-29,3,2,breakfast,baseline,,0,0.4441,266
2024-02-29,3,2,lunch,baseline,,0,0.5795,348
2024-02-29,3,2,dinner,baseline,,0,0.7182,431
2024-03-01,4,3,breakfast,baseline,,0,0.4905,294
2024-03-01,4,3,lunch,baseline,,0,0.6286,377
2024-03-01,4,3,dinner,baseline,,0,0.6445,387
2024-03-02,5,3,breakfast,weekend,,0,0.3511,211
2024-03-02,5,3,lunch,weekend,,0,0.6279,377
2024-03-02,5,3,dinner,weekend,,0,0.7146,429
2024-03-03,6,3,breakfast,best_menu,,0,0.6573,394
2024-03-03,6,3,lunch,best_menu,,0,0.725,435
2024-03-03,6,3,dinner,best_menu,,0,0.8735,524
2024-03-04,0,3,breakfast,baseline,,0,0.5122,307
2024-03-04,0,3,lunch,baseline,,0,0.5833,350
2024-03-04,0,3,dinner,baseline,,0,0.7353,441
2024-03-05,1,3,breakfast,baseline,,0,0.4657,279
2024-03-05,1,3,lunch,baseline,,0,0.6143,369
2024-03-05,1,3,dinner,baseline,,0,0.742,445
2024-03-06,2,3,breakfast,baseline,,0,0.4414,265
2024-03-06,2,3,lunch,baseline,,0,0.6198,372
2024-03-06,2,3,dinner,baseline,,0,0.7639,458
2024-03-07,3,3,breakfast,baseline,,0,0.467,280
2024-03-07,3,3,lunch,baseline,,0,0.6846,411
2024-03-07,3,3,dinner,baseline,,0,0.7593,456
2024-03-08,4,3,breakfast,baseline,,0,0.4519,271
2024-03-08,4,3,lunch,baseline,,0,0.6333,380
2024-03-08,4,3,dinner,baseline,,0,0.7067,424
2024-03-09,5,3,breakfast,rain_weekend,,1,0.1984,119
2024-03-09,5,3,lunch,rain_weekend,,1,0.7005,420
2024-03-09,5,3,dinner,rain_weekend,,1,0.7506,450
2024-03-10,6,3,breakfast,fest,fest,0,0.2034,122
2024-03-10,6,3,lunch,fest,fest,0,0.167,100
2024-03-10,6,3,dinner,fest,fest,0,0.4016,241
2024-03-11,0,3,breakfast,fest,fest,0,0.225,135
2024-03-11,0,3,lunch,fest,fest,0,0.1577,95
2024-03-11,0,3,dinner,fest,fest,0,0.3939,236
2024-03-12,1,3,breakfast,fest,fest,0,0.1974,118
2024-03-12,1,3,lunch,fest,fest,0,0.1764,106
2024-03-12,1,3,dinner,fest,fest,0,0.3744,225
2024-03-13,2,3,breakfast,fest,fest,0,0.2116,127
2024-03-13,2,3,lunch,fest,fest,0,0.1818,109
2024-03-13,2,3,dinner,fest,fest,0,0.3593,216
2024-03-14,3,3,breakfast,baseline,,0,0.503,302
2024-03-14,3,3,lunch,baseline,,0,0.5033,302
2024-03-14,3,3,dinner,baseline,,0,0.7358,441
2024-03-15,4,3,breakfast,baseline,,0,0.4607,276
2024-03-15,4,3,lunch,baseline,,0,0.6145,369
2024-03-15,4,3,dinner,baseline,,0,0.6446,387
2024-03-16,5,3,breakfast,weekend,,0,0.3415,205
2024-03-16,5,3,lunch,weekend,,0,0.6141,368
2024-03-16,5,3,dinner,weekend,,0,0.8375,502
2024-03-17,6,3,breakfast,best_menu,,0,0.5307,318
2024-03-17,6,3,lunch,best_menu,,0,0.7326,440
2024-03-17,6,3,dinner,best_menu,,0,0.8759,526
2024-03-18,0,3,breakfast,baseline,,0,0.471,283
2024-03-18,0,3,lunch,baseline,,0,0.7211,433
2024-03-18,0,3,dinner,baseline,,0,0.8206,492
2024-03-19,1,3,breakfast,baseline,,0,0.5128,308
2024-03-19,1,3,lunch,baseline,,0,0.6556,393
2024-03-19,1,3,dinner,baseline,,0,0.7997,480
2024-03-20,2,3,breakfast,baseline,,0,0.4524,271
2024-03-20,2,3,lunch,baseline,,0,0.598,359
2024-03-20,2,3,dinner,baseline,,0,0.8094,486
2024-03-21,3,3,breakfast,baseline,,0,0.4782,287
2024-03-21,3,3,lunch,baseline,,0,0.6237,374
2024-03-21,3,3,dinner,baseline,,0,0.8203,492
2024-03-22,4,3,breakfast,baseline,,0,0.5155,309
2024-03-22,4,3,lunch,baseline,,0,0.6704,402
2024-03-22,4,3,dinner,baseline,,0,0.6557,393
2024-03-23,5,3,breakfast,weekend,,0,0.2719,163
2024-03-23,5,3,lunch,weekend,,0,0.671,403
2024-03-23,5,3,dinner,weekend,,0,0.878,527
2024-03-24,6,3,breakfast,best_menu,,0,0.5035,302
2024-03-24,6,3,lunch,best_menu,,0,0.7351,441
2024-03-24,6,3,dinner,best_menu,,0,0.9024,541
2024-03-25,0,3,breakfast,baseline,,0,0.4258,256
2024-03-25,0,3,lunch,baseline,,0,0.6491,389
2024-03-25,0,3,dinner,baseline,,0,0.8193,492
2024-03-26,1,3,breakfast,baseline,,0,0.3675,221
2024-03-26,1,3,lunch,baseline,,0,0.6488,389
2024-03-26,1,3,dinner,baseline,,0,0.7543,453
2024-03-27,2,3,breakfast,baseline,,0,0.5082,305
2024-03-27,2,3,lunch,baseline,,0,0.5288,317
2024-03-27,2,3,dinner,baseline,,0,0.7145,429
2024-03-28,3,3,breakfast,baseline,,0,0.3931,236
2024-03-28,3,3,lunch,baseline,,0,0.7081,425
2024-03-28,3,3,dinner,baseline,,0,0.7721,463
2024-03-29,4,3,breakfast,baseline,,0,0.4294,258
2024-03-29,4,3,lunch,baseline,,0,0.6746,405
2024-03-29,4,3,dinner,baseline,,0,0.8141,488
2024-03-30,5,3,breakfast,weekend,,0,0.3056,183
2024-03-30,5,3,lunch,weekend,,0,0.7151,429
2024-03-30,5,3,dinner,weekend,,0,0.7292,438
2024-03-31,6,3,breakfast,best_menu,,0,0.5268,316
2024-03-31,6,3,lunch,best_menu,,0,0.8245,495
2024-03-31,6,3,dinner,best_menu,,0,0.972,583
2024-04-01,0,4,breakfast,baseline,,0,0.4455,267
2024-04-01,0,4,lunch,baseline,,0,0.7084,425
2024-04-01,0,4,dinner,baseline,,0,0.7054,423
2024-04-02,1,4,breakfast,baseline,,0,0.4573,274
2024-04-02,1,4,lunch,baseline,,0,0.6761,406
2024-04-02,1,4,dinner,baseline,,0,0.7507,450
2024-04-03,2,4,breakfast,baseline,,0,0.4808,289
2024-04-03,2,4,lunch,baseline,,0,0.676,406
2024-04-03,2,4,dinner,baseline,,0,0.7832,470
2024-04-04,3,4,breakfast,baseline,,0,0.4426,266
2024-04-04,3,4,lunch,baseline,,0,0.5318,319
2024-04-04,3,4,dinner,baseline,,0,0.8463,508
2024-04-05,4,4,breakfast,baseline,,0,0.4539,272
2024-04-05,4,4,lunch,baseline,,0,0.6997,420
2024-04-05,4,4,dinner,baseline,,0,0.6539,392
2024-04-06,5,4,breakfast,weekend,,0,0.2616,157
2024-04-06,5,4,lunch,weekend,,0,0.6555,393
2024-04-06,5,4,dinner,weekend,,0,0.8109,487
2024-04-07,6,4,breakfast,best_menu,,0,0.5451,327
2024-04-07,6,4,lunch,best_menu,,0,0.7096,426
2024-04-07,6,4,dinner,best_menu,,0,0.7337,440
2024-04-08,0,4,breakfast,baseline,,0,0.433,260
2024-04-08,0,4,lunch,baseline,,0,0.6566,394
2024-04-08,0,4,dinner,baseline,,0,0.7921,475
2024-04-09,1,4,breakfast,baseline,,0,0.4262,256
2024-04-09,1,4,lunch,baseline,,0,0.6403,384
2024-04-09,1,4,dinner,baseline,,0,0.7956,477
2024-04-10,2,4,breakfast,baseline,,0,0.4691,281
2024-04-10,2,4,lunch,baseline,,0,0.5976,359
2024-04-10,2,4,dinner,baseline,,0,0.7392,444
2024-04-11,3,4,breakfast,baseline,,0,0.4795,288
2024-04-11,3,4,lunch,baseline,,0,0.6134,368
2024-04-11,3,4,dinner,baseline,,0,0.7813,469
2024-04-12,4,4,breakfast,rain,,1,0.3137,188
2024-04-12,4,4,lunch,rain,,1,0.5687,341
2024-04-12,4,4,dinner,rain,,1,0.5324,319
2024-04-13,5,4,breakfast,weekend,,0,0.2644,159
2024-04-13,5,4,lunch,weekend,,0,0.5693,342
2024-04-13,5,4,dinner,weekend,,0,0.7408,444
2024-04-14,6,4,breakfast,best_menu,,0,0.5212,313
2024-04-14,6,4,lunch,best_menu,,0,0.8127,488
2024-04-14,6,4,dinner,best_menu,,0,0.9784,587
2024-04-15,0,4,breakfast,baseline,,0,0.4475,269
2024-04-15,0,4,lunch,baseline,,0,0.7019,421
2024-04-15,0,4,dinner,baseline,,0,0.7555,453
2024-04-16,1,4,breakfast,baseline,,0,0.4286,257
2024-04-16,1,4,lunch,baseline,,0,0.5583,335
2024-04-16,1,4,dinner,baseline,,0,0.6967,418
2024-04-17,2,4,breakfast,baseline,,0,0.4789,287
2024-04-17,2,4,lunch,baseline,,0,0.7205,432
2024-04-17,2,4,dinner,baseline,,0,0.6671,400
2024-04-18,3,4,breakfast,baseline,,0,0.4125,248
2024-04-18,3,4,lunch,baseline,,0,0.6574,394
2024-04-18,3,4,dinner,baseline,,0,0.7421,445
2024-04-19,4,4,breakfast,baseline,,0,0.4834,290
2024-04-19,4,4,lunch,baseline,,0,0.6027,362
2024-04-19,4,4,dinner,baseline,,0,0.718,431
2024-04-20,5,4,breakfast,exam,exam,0,0.616,370
2024-04-20,5,4,lunch,exam,exam,0,0.7584,455
2024-04-20,5,4,dinner,exam,exam,0,0.8535,512
2024-04-21,6,4,breakfast,exam,exam,0,0.6688,401
2024-04-21,6,4,lunch,exam,exam,0,0.8108,486
2024-04-21,6,4,dinner,exam,exam,0,0.8429,506
2024-04-22,0,4,breakfast,exam,exam,0,0.7055,423
2024-04-22,0,4,lunch,exam,exam,0,0.7139,428
2024-04-22,0,4,dinner,exam,exam,0,0.9439,566
2024-04-23,1,4,breakfast,exam,exam,0,0.6432,386
2024-04-23,1,4,lunch,exam,exam,0,0.7538,452
2024-04-23,1,4,dinner,exam,exam,0,1.0,600
2024-04-24,2,4,breakfast,exam,exam,0,0.6536,392
2024-04-24,2,4,lunch,exam,exam,0,0.7427,446
2024-04-24,2,4,dinner,exam,exam,0,0.9413,565
2024-04-25,3,4,breakfast,exam,exam,0,0.6673,400
2024-04-25,3,4,lunch,exam,exam,0,0.7318,439
2024-04-25,3,4,dinner,exam,exam,0,0.8884,533
2024-04-26,4,4,breakfast,exam,exam,0,0.5673,340
2024-04-26,4,4,lunch,exam,exam,0,0.6117,367
2024-04-26,4,4,dinner,exam,exam,0,0.7892,474
2024-04-27,5,4,breakfast,rain_exam,exam,1,0.5697,342
2024-04-27,5,4,lunch,rain_exam,exam,1,0.77,462
2024-04-27,5,4,dinner,rain_exam,exam,1,0.7982,479
2024-04-28,6,4,breakfast,exam,exam,0,0.6681,401
2024-04-28,6,4,lunch,exam,exam,0,0.7095,426
2024-04-28,6,4,dinner,exam,exam,0,0.847,508
2024-04-29,0,4,breakfast,exam,exam,0,0.6822,409
2024-04-29,0,4,lunch,exam,exam,0,0.7134,428
2024-04-29,0,4,dinner,exam,exam,0,0.9404,564
2024-04-30,1,4,breakfast,exam,exam,0,0.6503,390
2024-04-30,1,4,lunch,exam,exam,0,0.8857,531
2024-04-30,1,4,dinner,exam,exam,0,0.8821,529
2024-05-01,2,5,breakfast,post_holiday,holiday,0,0.3861,232
2024-05-01,2,5,lunch,post_holiday,holiday,0,0.5668,340
2024-05-01,2,5,dinner,post_holiday,holiday,0,0.6305,378
2024-05-02,3,5,breakfast,post_holiday,holiday,0,0.3594,216
2024-05-02,3,5,lunch,post_holiday,holiday,0,0.5603,336
2024-05-02,3,5,dinner,post_holiday,holiday,0,0.5902,354
2024-05-03,4,5,breakfast,post_holiday,holiday,0,0.4021,241
2024-05-03,4,5,lunch,post_holiday,holiday,0,0.5705,342
2024-05-03,4,5,dinner,post_holiday,holiday,0,0.6883,413
2024-05-04,5,5,breakfast,post_holiday,holiday,0,0.3746,225
2024-05-04,5,5,lunch,post_holiday,holiday,0,0.5613,337
2024-05-04,5,5,dinner,post_holiday,holiday,0,0.6177,371
2024-05-05,6,5,breakfast,post_holiday,holiday,0,0.3272,196
2024-05-05,6,5,lunch,post_holiday,holiday,0,0.5271,316
2024-05-05,6,5,dinner,post_holiday,holiday,0,0.5325,319
2024-05-06,0,5,breakfast,post_holiday,holiday,0,0.4252,255
2024-05-06,0,5,lunch,post_holiday,holiday,0,0.5805,348
2024-05-06,0,5,dinner,post_holiday,holiday,0,0.5969,358
2024-05-07,1,5,breakfast,post_holiday,holiday,0,0.2924,175
2024-05-07,1,5,lunch,post_holiday,holiday,0,0.5181,311
2024-05-07,1,5,dinner,post_holiday,holiday,0,0.756,454
2024-05-08,2,5,breakfast,post_holiday,holiday,0,0.3662,220
2024-05-08,2,5,lunch,post_holiday,holiday,0,0.5618,337
2024-05-08,2,5,dinner,post_holiday,holiday,0,0.5542,333
2024-05-09,3,5,breakfast,post_holiday,holiday,0,0.3864,232
2024-05-09,3,5,lunch,post_holiday,holiday,0,0.5379,323
2024-05-09,3,5,dinner,post_holiday,holiday,0,0.6734,404
2024-05-10,4,5,breakfast,post_holiday,holiday,0,0.4038,242
2024-05-10,4,5,lunch,post_holiday,holiday,0,0.5118,307
2024-05-10,4,5,dinner,post_holiday,holiday,0,0.6788,407
2024-05-11,5,5,breakfast,post_holiday,holiday,0,0.3536,212
2024-05-11,5,5,lunch,post_holiday,holiday,0,0.5032,302
2024-05-11,5,5,dinner,post_holiday,holiday,0,0.701,421
2024-05-12,6,5,breakfast,post_holiday,holiday,0,0.4264,256
2024-05-12,6,5,lunch,post_holiday,holiday,0,0.5225,313
2024-05-12,6,5,dinner,post_holiday,holiday,0,0.7071,424
2024-05-13,0,5,breakfast,post_holiday,holiday,0,0.3913,235
2024-05-13,0,5,lunch,post_holiday,holiday,0,0.6095,366
2024-05-13,0,5,dinner,post_holiday,holiday,0,0.615,369
2024-05-14,1,5,breakfast,post_holiday,holiday,0,0.3696,222
2024-05-14,1,5,lunch,post_holiday,holiday,0,0.5613,337
2024-05-14,1,5,dinner,post_holiday,holiday,0,0.554,332
2024-05-15,2,5,breakfast,post_holiday,holiday,0,0.3668,220
2024-05-15,2,5,lunch,post_holiday,holiday,0,0.5914,355
2024-05-15,2,5,dinner,post_holiday,holiday,0,0.512,307
2024-05-16,3,5,breakfast,post_holiday,holiday,0,0.3316,199
2024-05-16,3,5,lunch,post_holiday,holiday,0,0.5059,304
2024-05-16,3,5,dinner,post_holiday,holiday,0,0.6459,388
2024-05-17,4,5,breakfast,post_holiday,holiday,0,0.3756,225
2024-05-17,4,5,lunch,post_holiday,holiday,0,0.5348,321
2024-05-17,4,5,dinner,post_holiday,holiday,0,0.6436,386
2024-05-18,5,5,breakfast,post_holiday,holiday,0,0.405,243
2024-05-18,5,5,lunch,post_holiday,holiday,0,0.5704,342
2024-05-18,5,5,dinner,post_holiday,holiday,0,0.6528,392
2024-05-19,6,5,breakfast,post_holiday,holiday,0,0.3924,235
2024-05-19,6,5,lunch,post_holiday,holiday,0,0.6299,378
2024-05-19,6,5,dinner,post_holiday,holiday,0,0.6289,377
2024-05-20,0,5,breakfast,post_holiday,holiday,0,0.3602,216
2024-05-20,0,5,lunch,post_holiday,holiday,0,0.4969,298
2024-05-20,0,5,dinner,post_holiday,holiday,0,0.5703,342
2024-05-21,1,5,breakfast,post_holiday,holiday,0,0.3676,221
2024-05-21,1,5,lunch,post_holiday,holiday,0,0.5032,302
2024-05-21,1,5,dinner,post_holiday,holiday,0,0.6298,378
2024-05-22,2,5,breakfast,post_holiday,holiday,0,0.3849,231
2024-05-22,2,5,lunch,post_holiday,holiday,0,0.5085,305
2024-05-22,2,5,dinner,post_holiday,holiday,0,0.6789,407
2024-05-23,3,5,breakfast,post_holiday,holiday,0,0.3784,227
2024-05-23,3,5,lunch,post_holiday,holiday,0,0.5134,308
2024-05-23,3,5,dinner,post_holiday,holiday,0,0.6611,397
2024-05-24,4,5,breakfast,post_holiday,holiday,0,0.3389,203
2024-05-24,4,5,lunch,post_holiday,holiday,0,0.5387,323
2024-05-24,4,5,dinner,post_holiday,holiday,0,0.6466,388
2024-05-25,5,5,breakfast,post_holiday,holiday,0,0.3892,233
2024-05-25,5,5,lunch,post_holiday,holiday,0,0.4786,287
2024-05-25,5,5,dinner,post_holiday,holiday,0,0.701,421
2024-05-26,6,5,breakfast,post_holiday,holiday,0,0.3756,225
2024-05-26,6,5,lunch,post_holiday,holiday,0,0.5574,334
2024-05-26,6,5,dinner,post_holiday,holiday,0,0.5112,307
2024-05-27,0,5,breakfast,post_holiday,holiday,0,0.3743,225
2024-05-27,0,5,lunch,post_holiday,holiday,0,0.4952,297
2024-05-27,0,5,dinner,post_holiday,holiday,0,0.6695,402
2024-05-28,1,5,breakfast,post_holiday,holiday,0,0.3473,208
2024-05-28,1,5,lunch,post_holiday,holiday,0,0.5054,303
2024-05-28,1,5,dinner,post_holiday,holiday,0,0.6453,387
2024-05-29,2,5,breakfast,post_holiday,holiday,0,0.3458,208
2024-05-29,2,5,lunch,post_holiday,holiday,0,0.5525,331
2024-05-29,2,5,dinner,post_holiday,holiday,0,0.7256,435
2024-05-30,3,5,breakfast,post_holiday,holiday,0,0.3703,222
2024-05-30,3,5,lunch,post_holiday,holiday,0,0.4701,282
2024-05-30,3,5,dinner,post_holiday,holiday,0,0.5684,341
2024-05-31,4,5,breakfast,post_holiday,holiday,0,0.3674,220
2024-05-31,4,5,lunch,post_holiday,holiday,0,0.5769,346
2024-05-31,4,5,dinner,post_holiday,holiday,0,0.6456,387
2024-06-01,5,6,breakfast,post_holiday,holiday,0,0.3991,239
2024-06-01,5,6,lunch,post_holiday,holiday,0,0.5166,310
2024-06-01,5,6,dinner,post_holiday,holiday,0,0.6979,419
2024-06-02,6,6,breakfast,post_holiday,holiday,0,0.3638,218
2024-06-02,6,6,lunch,post_holiday,holiday,0,0.5651,339
2024-06-02,6,6,dinner,post_holiday,holiday,0,0.672,403
2024-06-03,0,6,breakfast,rain_weekend,holiday,1,0.173,104
2024-06-03,0,6,lunch,rain_weekend,holiday,1,0.6258,375
2024-06-03,0,6,dinner,rain_weekend,holiday,1,0.6115,367
2024-06-04,1,6,breakfast,post_holiday,holiday,0,0.3397,204
2024-06-04,1,6,lunch,post_holiday,holiday,0,0.561,337
2024-06-04,1,6,dinner,post_holiday,holiday,0,0.5925,355
2024-06-05,2,6,breakfast,post_holiday,holiday,0,0.4052,243
2024-06-05,2,6,lunch,post_holiday,holiday,0,0.5521,331
2024-06-05,2,6,dinner,post_holiday,holiday,0,0.6022,361
2024-06-06,3,6,breakfast,post_holiday,holiday,0,0.3698,222
2024-06-06,3,6,lunch,post_holiday,holiday,0,0.5431,326
2024-06-06,3,6,dinner,post_holiday,holiday,0,0.647,388
2024-06-07,4,6,breakfast,post_holiday,holiday,0,0.3978,239
2024-06-07,4,6,lunch,post_holiday,holiday,0,0.5186,311
2024-06-07,4,6,dinner,post_holiday,holiday,0,0.6125,367
2024-06-08,5,6,breakfast,post_holiday,holiday,0,0.3514,211
2024-06-08,5,6,lunch,post_holiday,holiday,0,0.4371,262
2024-06-08,5,6,dinner,post_holiday,holiday,0,0.715,429
2024-06-09,6,6,breakfast,post_holiday,holiday,0,0.3709,223
2024-06-09,6,6,lunch,post_holiday,holiday,0,0.4577,275
2024-06-09,6,6,dinner,post_holiday,holiday,0,0.6176,371
2024-06-10,0,6,breakfast,rain_weekend,holiday,1,0.197,118
2024-06-10,0,6,lunch,rain_weekend,holiday,1,0.5466,328
2024-06-10,0,6,dinner,rain_weekend,holiday,1,0.6976,419
2024-06-11,1,6,breakfast,rain_weekend,holiday,1,0.1761,106
2024-06-11,1,6,lunch,rain_weekend,holiday,1,0.6336,380
2024-06-11,1,6,dinner,rain_weekend,holiday,1,0.7761,466
2024-06-12,2,6,breakfast,rain_weekend,holiday,1,0.1946,117
2024-06-12,2,6,lunch,rain_weekend,holiday,1,0.5932,356
2024-06-12,2,6,dinner,rain_weekend,holiday,1,0.6995,420
2024-06-13,3,6,breakfast,post_holiday,holiday,0,0.3444,207
2024-06-13,3,6,lunch,post_holiday,holiday,0,0.4667,280
2024-06-13,3,6,dinner,post_holiday,holiday,0,0.6417,385
2024-06-14,4,6,breakfast,post_holiday,holiday,0,0.44,264
2024-06-14,4,6,lunch,post_holiday,holiday,0,0.5341,320
2024-06-14,4,6,dinner,post_holiday,holiday,0,0.7178,431
2024-06-15,5,6,breakfast,rain_weekend,holiday,1,0.2094,126
2024-06-15,5,6,lunch,rain_weekend,holiday,1,0.6153,369
2024-06-15,5,6,dinner,rain_weekend,holiday,1,0.6203,372
2024-06-16,6,6,breakfast,post_holiday,holiday,0,0.4205,252
2024-06-16,6,6,lunch,post_holiday,holiday,0,0.5276,317
2024-06-16,6,6,dinner,post_holiday,holiday,0,0.5476,329
2024-06-17,0,6,breakfast,post_holiday,holiday,0,0.3557,213
2024-06-17,0,6,lunch,post_holiday,holiday,0,0.5268,316
2024-06-17,0,6,dinner,post_holiday,holiday,0,0.6292,378
2024-06-18,1,6,breakfast,rain_weekend,holiday,1,0.1741,104
2024-06-18,1,6,lunch,rain_weekend,holiday,1,0.6231,374
2024-06-18,1,6,dinner,rain_weekend,holiday,1,0.6388,383
2024-06-19,2,6,breakfast,post_holiday,holiday,0,0.4074,244
2024-06-19,2,6,lunch,post_holiday,holiday,0,0.5535,332
2024-06-19,2,6,dinner,post_holiday,holiday,0,0.5972,358
2024-06-20,3,6,breakfast,rain_weekend,holiday,1,0.2134,128
2024-06-20,3,6,lunch,rain_weekend,holiday,1,0.6168,370
2024-06-20,3,6,dinner,rain_weekend,holiday,1,0.7937,476
2024-06-21,4,6,breakfast,post_holiday,holiday,0,0.3952,237
2024-06-21,4,6,lunch,post_holiday,holiday,0,0.5344,321
2024-06-21,4,6,dinner,post_holiday,holiday,0,0.6747,405
2024-06-22,5,6,breakfast,post_holiday,holiday,0,0.4217,253
2024-06-22,5,6,lunch,post_holiday,holiday,0,0.5191,311
2024-06-22,5,6,dinner,post_holiday,holiday,0,0.6113,367
2024-06-23,6,6,breakfast,rain_weekend,holiday,1,0.2127,128
2024-06-23,6,6,lunch,rain_weekend,holiday,1,0.6719,403
2024-06-23,6,6,dinner,rain_weekend,holiday,1,0.6422,385
2024-06-24,0,6,breakfast,post_holiday,holiday,0,0.393,236
2024-06-24,0,6,lunch,post_holiday,holiday,0,0.531,319
2024-06-24,0,6,dinner,post_holiday,holiday,0,0.6816,409
2024-06-25,1,6,breakfast,post_holiday,holiday,0,0.358,215
2024-06-25,1,6,lunch,post_holiday,holiday,0,0.5078,305
2024-06-25,1,6,dinner,post_holiday,holiday,0,0.5158,309
2024-06-26,2,6,breakfast,rain_weekend,holiday,1,0.1854,111
2024-06-26,2,6,lunch,rain_weekend,holiday,1,0.5903,354
2024-06-26,2,6,dinner,rain_weekend,holiday,1,0.726,436
2024-06-27,3,6,breakfast,rain_weekend,holiday,1,0.1835,110
2024-06-27,3,6,lunch,rain_weekend,holiday,1,0.5973,358
2024-06-27,3,6,dinner,rain_weekend,holiday,1,0.7226,434
2024-06-28,4,6,breakfast,post_holiday,holiday,0,0.3554,213
2024-06-28,4,6,lunch,post_holiday,holiday,0,0.5659,340
2024-06-28,4,6,dinner,post_holiday,holiday,0,0.6221,373
2024-06-29,5,6,breakfast,post_holiday,holiday,0,0.3829,230
2024-06-29,5,6,lunch,post_holiday,holiday,0,0.5721,343
2024-06-29,5,6,dinner,post_holiday,holiday,0,0.5809,349
2024-06-30,6,6,breakfast,rain_weekend,holiday,1,0.1966,118
2024-06-30,6,6,lunch,rain_weekend,holiday,1,0.5416,325
2024-06-30,6,6,dinner,rain_weekend,holiday,1,0.5833,350
2024-07-01,0,7,breakfast,post_holiday,holiday,0,0.3726,224
2024-07-01,0,7,lunch,post_holiday,holiday,0,0.4974,298
2024-07-01,0,7,dinner,post_holiday,holiday,0,0.6285,377
2024-07-02,1,7,breakfast,rain_weekend,holiday,1,0.1635,98
2024-07-02,1,7,lunch,rain_weekend,holiday,1,0.5282,317
2024-07-02,1,7,dinner,rain_weekend,holiday,1,0.6174,370
2024-07-03,2,7,breakfast,rain_weekend,holiday,1,0.2045,123
2024-07-03,2,7,lunch,rain_weekend,holiday,1,0.6368,382
2024-07-03,2,7,dinner,rain_weekend,holiday,1,0.6059,364
2024-07-04,3,7,breakfast,post_holiday,holiday,0,0.3971,238
2024-07-04,3,7,lunch,post_holiday,holiday,0,0.5442,327
2024-07-04,3,7,dinner,post_holiday,holiday,0,0.6611,397
2024-07-05,4,7,breakfast,rain_weekend,holiday,1,0.2045,123
2024-07-05,4,7,lunch,rain_weekend,holiday,1,0.6076,365
2024-07-05,4,7,dinner,rain_weekend,holiday,1,0.7081,425
2024-07-06,5,7,breakfast,rain_weekend,holiday,1,0.1741,104
2024-07-06,5,7,lunch,rain_weekend,holiday,1,0.4921,295
2024-07-06,5,7,dinner,rain_weekend,holiday,1,0.7201,432
2024-07-07,6,7,breakfast,post_holiday,holiday,0,0.352,211
2024-07-07,6,7,lunch,post_holiday,holiday,0,0.4611,277
2024-07-07,6,7,dinner,post_holiday,holiday,0,0.6384,383
2024-07-08,0,7,breakfast,post_holiday,holiday,0,0.4385,263
2024-07-08,0,7,lunch,post_holiday,holiday,0,0.564,338
2024-07-08,0,7,dinner,post_holiday,holiday,0,0.6145,369
2024-07-09,1,7,breakfast,post_holiday,holiday,0,0.3837,230
2024-07-09,1,7,lunch,post_holiday,holiday,0,0.5287,317
2024-07-09,1,7,dinner,post_holiday,holiday,0,0.5819,349
2024-07-10,2,7,breakfast,post_holiday,holiday,0,0.4381,263
2024-07-10,2,7,lunch,post_holiday,holiday,0,0.5909,355
2024-07-10,2,7,dinner,post_holiday,holiday,0,0.5867,352
2024-07-11,3,7,breakfast,rain_weekend,holiday,1,0.2102,126
2024-07-11,3,7,lunch,rain_weekend,holiday,1,0.6212,373
2024-07-11,3,7,dinner,rain_weekend,holiday,1,0.7333,440
2024-07-12,4,7,breakfast,post_holiday,holiday,0,0.406,244
2024-07-12,4,7,lunch,post_holiday,holiday,0,0.5693,342
2024-07-12,4,7,dinner,post_holiday,holiday,0,0.6506,390
2024-07-13,5,7,breakfast,rain_weekend,holiday,1,0.2013,121
2024-07-13,5,7,lunch,rain_weekend,holiday,1,0.5733,344
2024-07-13,5,7,dinner,rain_weekend,holiday,1,0.5984,359
2024-07-14,6,7,breakfast,post_holiday,holiday,0,0.4364,262
2024-07-14,6,7,lunch,post_holiday,holiday,0,0.6006,360
2024-07-14,6,7,dinner,post_holiday,holiday,0,0.6463,388
2024-07-15,0,7,breakfast,post_holiday,holiday,0,0.3837,230
2024-07-15,0,7,lunch,post_holiday,holiday,0,0.5505,330
2024-07-15,0,7,dinner,post_holiday,holiday,0,0.5779,347
2024-07-16,1,7,breakfast,rain_weekend,holiday,1,0.201,121
2024-07-16,1,7,lunch,rain_weekend,holiday,1,0.5375,322
2024-07-16,1,7,dinner,rain_weekend,holiday,1,0.6639,398
2024-07-17,2,7,breakfast,rain_weekend,holiday,1,0.2288,137
2024-07-17,2,7,lunch,rain_weekend,holiday,1,0.6429,386
2024-07-17,2,7,dinner,rain_weekend,holiday,1,0.6673,400
2024-07-18,3,7,breakfast,post_holiday,holiday,0,0.3847,231
2024-07-18,3,7,lunch,post_holiday,holiday,0,0.5329,320
2024-07-18,3,7,dinner,post_holiday,holiday,0,0.5785,347
2024-07-19,4,7,breakfast,rain_weekend,holiday,1,0.1881,113
2024-07-19,4,7,lunch,rain_weekend,holiday,1,0.54,324
2024-07-19,4,7,dinner,rain_weekend,holiday,1,0.6939,416
2024-07-20,5,7,breakfast,post_holiday,holiday,0,0.3285,197
2024-07-20,5,7,lunch,post_holiday,holiday,0,0.5364,322
2024-07-20,5,7,dinner,post_holiday,holiday,0,0.6838,410
2024-07-21,6,7,breakfast,rain_weekend,holiday,1,0.2164,130
2024-07-21,6,7,lunch,rain_weekend,holiday,1,0.6019,361
2024-07-21,6,7,dinner,rain_weekend,holiday,1,0.6216,373
2024-07-22,0,7,breakfast,post_holiday,holiday,0,0.3939,236
2024-07-22,0,7,lunch,post_holiday,holiday,0,0.5581,335
2024-07-22,0,7,dinner,post_holiday,holiday,0,0.6986,419
2024-07-23,1,7,breakfast,post_holiday,holiday,0,0.3793,228
2024-07-23,1,7,lunch,post_holiday,holiday,0,0.4878,293
2024-07-23,1,7,dinner,post_holiday,holiday,0,0.6172,370
2024-07-24,2,7,breakfast,post_holiday,holiday,0,0.3771,226
2024-07-24,2,7,lunch,post_holiday,holiday,0,0.5166,310
2024-07-24,2,7,dinner,post_holiday,holiday,0,0.6461,388
2024-07-25,3,7,breakfast,post_holiday,holiday,0,0.3641,218
2024-07-25,3,7,lunch,post_holiday,holiday,0,0.5552,333
2024-07-25,3,7,dinner,post_holiday,holiday,0,0.613,368
2024-07-26,4,7,breakfast,post_holiday,holiday,0,0.3917,235
2024-07-26,4,7,lunch,post_holiday,holiday,0,0.4923,295
2024-07-26,4,7,dinner,post_holiday,holiday,0,0.609,365
2024-07-27,5,7,breakfast,rain_weekend,holiday,1,0.1814,109
2024-07-27,5,7,lunch,rain_weekend,holiday,1,0.4984,299
2024-07-27,5,7,dinner,rain_weekend,holiday,1,0.5674,340
2024-07-28,6,7,breakfast,post_holiday,holiday,0,0.3843,231
2024-07-28,6,7,lunch,post_holiday,holiday,0,0.5366,322
2024-07-28,6,7,dinner,post_holiday,holiday,0,0.6949,417
2024-07-29,0,7,breakfast,post_holiday,holiday,0,0.3955,237
2024-07-29,0,7,lunch,post_holiday,holiday,0,0.6093,366
2024-07-29,0,7,dinner,post_holiday,holiday,0,0.5762,346
2024-07-30,1,7,breakfast,post_holiday,holiday,0,0.3602,216
2024-07-30,1,7,lunch,post_holiday,holiday,0,0.5029,302
2024-07-30,1,7,dinner,post_holiday,holiday,0,0.6168,370
2024-07-31,2,7,breakfast,rain_weekend,holiday,1,0.2294,138
2024-07-31,2,7,lunch,rain_weekend,holiday,1,0.5839,350
2024-07-31,2,7,dinner,rain_weekend,holiday,1,0.7683,461
2024-08-01,3,8,breakfast,rain,,1,0.3611,217
2024-08-01,3,8,lunch,rain,,1,0.5294,318
2024-08-01,3,8,dinner,rain,,1,0.64,384
2024-08-02,4,8,breakfast,rain,,1,0.3972,238
2024-08-02,4,8,lunch,rain,,1,0.5697,342
2024-08-02,4,8,dinner,rain,,1,0.5975,358
2024-08-03,5,8,breakfast,weekend,,0,0.2913,175
2024-08-03,5,8,lunch,weekend,,0,0.6726,404
2024-08-03,5,8,dinner,weekend,,0,0.8403,504
2024-08-04,6,8,breakfast,rain_weekend,,1,0.2045,123
2024-08-04,6,8,lunch,rain_weekend,,1,0.6007,360
2024-08-04,6,8,dinner,rain_weekend,,1,0.6846,411
2024-08-05,0,8,breakfast,baseline,,0,0.3803,228
2024-08-05,0,8,lunch,baseline,,0,0.6671,400
2024-08-05,0,8,dinner,baseline,,0,0.6911,415
2024-08-06,1,8,breakfast,rain,,1,0.3152,189
2024-08-06,1,8,lunch,rain,,1,0.5369,322
2024-08-06,1,8,dinner,rain,,1,0.5982,359
2024-08-07,2,8,breakfast,rain,,1,0.2827,170
2024-08-07,2,8,lunch,rain,,1,0.516,310
2024-08-07,2,8,dinner,rain,,1,0.6037,362
2024-08-08,3,8,breakfast,rain,,1,0.3237,194
2024-08-08,3,8,lunch,rain,,1,0.4903,294
2024-08-08,3,8,dinner,rain,,1,0.67,402
2024-08-09,4,8,breakfast,baseline,,0,0.3819,229
2024-08-09,4,8,lunch,baseline,,0,0.5341,320
2024-08-09,4,8,dinner,baseline,,0,0.7493,450
2024-08-10,5,8,breakfast,rain_weekend,,1,0.1983,119
2024-08-10,5,8,lunch,rain_weekend,,1,0.5987,359
2024-08-10,5,8,dinner,rain_weekend,,1,0.6787,407
2024-08-11,6,8,breakfast,best_menu,,0,0.4859,292
2024-08-11,6,8,lunch,best_menu,,0,0.725,435
2024-08-11,6,8,dinner,best_menu,,0,0.8213,493
2024-08-12,0,8,breakfast,rain,,1,0.3482,209
2024-08-12,0,8,lunch,rain,,1,0.5149,309
2024-08-12,0,8,dinner,rain,,1,0.5066,304
2024-08-13,1,8,breakfast,baseline,,0,0.42,252
2024-08-13,1,8,lunch,baseline,,0,0.6051,363
2024-08-13,1,8,dinner,baseline,,0,0.7255,435
2024-08-14,2,8,breakfast,rain,pre_holiday,1,0.3088,185
2024-08-14,2,8,lunch,rain,pre_holiday,1,0.5781,347
2024-08-14,2,8,dinner,rain,pre_holiday,1,0.5991,359
2024-08-15,3,8,breakfast,post_holiday,holiday,0,0.398,239
2024-08-15,3,8,lunch,post_holiday,holiday,0,0.4751,285
2024-08-15,3,8,dinner,post_holiday,holiday,0,0.6531,392
2024-08-16,4,8,breakfast,post_holiday,post_holiday,0,0.3788,227
2024-08-16,4,8,lunch,post_holiday,post_holiday,0,0.6105,366
2024-08-16,4,8,dinner,post_holiday,post_holiday,0,0.6018,361
2024-08-17,5,8,breakfast,rain_weekend,,1,0.1964,118
2024-08-17,5,8,lunch,rain_weekend,,1,0.5387,323
2024-08-17,5,8,dinner,rain_weekend,,1,0.6704,402
2024-08-18,6,8,breakfast,best_menu,,0,0.5013,301
2024-08-18,6,8,lunch,best_menu,,0,0.8254,495
2024-08-18,6,8,dinner,best_menu,,0,0.94,564
2024-08-19,0,8,breakfast,rain,,1,0.3417,205
2024-08-19,0,8,lunch,rain,,1,0.5827,350
2024-08-19,0,8,dinner,rain,,1,0.7061,424
2024-08-20,1,8,breakfast,baseline,,0,0.4991,299
2024-08-20,1,8,lunch,baseline,,0,0.538,323
2024-08-20,1,8,dinner,baseline,,0,0.7309,439
2024-08-21,2,8,breakfast,baseline,,0,0.4543,273
2024-08-21,2,8,lunch,baseline,,0,0.6044,363
2024-08-21,2,8,dinner,baseline,,0,0.74,444
2024-08-22,3,8,breakfast,baseline,,0,0.4439,266
2024-08-22,3,8,lunch,baseline,,0,0.6543,393
2024-08-22,3,8,dinner,baseline,,0,0.7361,442
2024-08-23,4,8,breakfast,rain,,1,0.3168,190
2024-08-23,4,8,lunch,rain,,1,0.5525,331
2024-08-23,4,8,dinner,rain,,1,0.6924,415
2024-08-24,5,8,breakfast,weekend,,0,0.3074,184
2024-08-24,5,8,lunch,weekend,,0,0.733,440
2024-08-24,5,8,dinner,weekend,,0,0.7112,427
2024-08-25,6,8,breakfast,rain_weekend,,1,0.215,129
2024-08-25,6,8,lunch,rain_weekend,,1,0.6416,385
2024-08-25,6,8,dinner,rain_weekend,,1,0.678,407
2024-08-26,0,8,breakfast,rain,,1,0.3291,197
2024-08-26,0,8,lunch,rain,,1,0.5845,351
2024-08-26,0,8,dinner,rain,,1,0.648,389
2024-08-27,1,8,breakfast,baseline,,0,0.4621,277
2024-08-27,1,8,lunch,baseline,,0,0.4848,291
2024-08-27,1,8,dinner,baseline,,0,0.773,464
2024-08-28,2,8,breakfast,baseline,,0,0.388,233
2024-08-28,2,8,lunch,baseline,,0,0.6562,394
2024-08-28,2,8,dinner,baseline,,0,0.7787,467
2024-08-29,3,8,breakfast,rain,,1,0.2986,179
2024-08-29,3,8,lunch,rain,,1,0.5918,355
2024-08-29,3,8,dinner,rain,,1,0.6088,365
2024-08-30,4,8,breakfast,baseline,,0,0.4499,270
2024-08-30,4,8,lunch,baseline,,0,0.654,392
2024-08-30,4,8,dinner,baseline,,0,0.847,508
2024-08-31,5,8,breakfast,weekend,,0,0.2759,166
2024-08-31,5,8,lunch,weekend,,0,0.6939,416
2024-08-31,5,8,dinner,weekend,,0,0.7811,469
2024-09-01,6,9,breakfast,best_menu,,0,0.5224,313
2024-09-01,6,9,lunch,best_menu,,0,0.7525,451
2024-09-01,6,9,dinner,best_menu,,0,0.9666,580
2024-09-02,0,9,breakfast,rain,,1,0.3095,186
2024-09-02,0,9,lunch,rain,,1,0.5288,317
2024-09-02,0,9,dinner,rain,,1,0.6446,387
2024-09-03,1,9,breakfast,baseline,,0,0.414,248
2024-09-03,1,9,lunch,baseline,,0,0.5806,348
2024-09-03,1,9,dinner,baseline,,0,0.8163,490
2024-09-04,2,9,breakfast,baseline,,0,0.399,239
2024-09-04,2,9,lunch,baseline,,0,0.6558,393
2024-09-04,2,9,dinner,baseline,,0,0.7778,467
2024-09-05,3,9,breakfast,rain,,1,0.3225,193
2024-09-05,3,9,lunch,rain,,1,0.5647,339
2024-09-05,3,9,dinner,rain,,1,0.6523,391
2024-09-06,4,9,breakfast,rain,,1,0.2811,169
2024-09-06,4,9,lunch,rain,,1,0.5475,328
2024-09-06,4,9,dinner,rain,,1,0.618,371
2024-09-07,5,9,breakfast,weekend,,0,0.3209,193
2024-09-07,5,9,lunch,weekend,,0,0.7828,470
2024-09-07,5,9,dinner,weekend,,0,0.8958,537
2024-09-08,6,9,breakfast,best_menu,,0,0.5287,317
2024-09-08,6,9,lunch,best_menu,,0,0.8226,494
2024-09-08,6,9,dinner,best_menu,,0,0.9552,573
2024-09-09,0,9,breakfast,baseline,,0,0.4547,273
2024-09-09,0,9,lunch,baseline,,0,0.6751,405
2024-09-09,0,9,dinner,baseline,,0,0.7464,448
2024-09-10,1,9,breakfast,rain_exam,exam,1,0.564,338
2024-09-10,1,9,lunch,rain_exam,exam,1,0.7005,420
2024-09-10,1,9,dinner,rain_exam,exam,1,0.7335,440
2024-09-11,2,9,breakfast,rain_exam,exam,1,0.6146,369
2024-09-11,2,9,lunch,rain_exam,exam,1,0.6467,388
2024-09-11,2,9,dinner,rain_exam,exam,1,0.7777,467
2024-09-12,3,9,breakfast,rain_exam,exam,1,0.5257,315
2024-09-12,3,9,lunch,rain_exam,exam,1,0.7436,446
2024-09-12,3,9,dinner,rain_exam,exam,1,0.704,422
2024-09-13,4,9,breakfast,exam,exam,0,0.5957,357
2024-09-13,4,9,lunch,exam,exam,0,0.6734,404
2024-09-13,4,9,dinner,exam,exam,0,0.8703,522
2024-09-14,5,9,breakfast,rain_exam,exam,1,0.5676,341
2024-09-14,5,9,lunch,rain_exam,exam,1,0.6997,420
2024-09-14,5,9,dinner,rain_exam,exam,1,0.7533,452
2024-09-15,6,9,breakfast,exam,exam,0,0.6713,403
2024-09-15,6,9,lunch,exam,exam,0,0.7695,462
2024-09-15,6,9,dinner,exam,exam,0,0.7205,432
2024-09-16,0,9,breakfast,exam,exam,0,0.5366,322
2024-09-16,0,9,lunch,exam,exam,0,0.7354,441
2024-09-16,0,9,dinner,exam,exam,0,0.8663,520
2024-09-17,1,9,breakfast,rain_exam,exam,1,0.6388,383
2024-09-17,1,9,lunch,rain_exam,exam,1,0.6775,406
2024-09-17,1,9,dinner,rain_exam,exam,1,0.704,422
2024-09-18,2,9,breakfast,rain_exam,exam,1,0.5587,335
2024-09-18,2,9,lunch,rain_exam,exam,1,0.6666,400
2024-09-18,2,9,dinner,rain_exam,exam,1,0.7912,475
2024-09-19,3,9,breakfast,exam,exam,0,0.6919,415
2024-09-19,3,9,lunch,exam,exam,0,0.7731,464
2024-09-19,3,9,dinner,exam,exam,0,0.8005,480
2024-09-20,4,9,breakfast,exam,exam,0,0.6863,412
2024-09-20,4,9,lunch,exam,exam,0,0.7393,444
2024-09-20,4,9,dinner,exam,exam,0,0.8138,488
2024-09-21,5,9,breakfast,rain_weekend,,1,0.1914,115
2024-09-21,5,9,lunch,rain_weekend,,1,0.626,376
2024-09-21,5,9,dinner,rain_weekend,,1,0.6157,369
2024-09-22,6,9,breakfast,best_menu,,0,0.4804,288
2024-09-22,6,9,lunch,best_menu,,0,0.7869,472
2024-09-22,6,9,dinner,best_menu,,0,0.9079,545
2024-09-23,0,9,breakfast,baseline,,0,0.4004,240
2024-09-23,0,9,lunch,baseline,,0,0.7079,425
2024-09-23,0,9,dinner,baseline,,0,0.759,455
2024-09-24,1,9,breakfast,rain,,1,0.3197,192
2024-09-24,1,9,lunch,rain,,1,0.5523,331
2024-09-24,1,9,dinner,rain,,1,0.6255,375
2024-09-25,2,9,breakfast,rain,,1,0.3051,183
2024-09-25,2,9,lunch,rain,,1,0.5816,349
2024-09-25,2,9,dinner,rain,,1,0.6007,360
2024-09-26,3,9,breakfast,rain,,1,0.2895,174
2024-09-26,3,9,lunch,rain,,1,0.5527,332
2024-09-26,3,9,dinner,rain,,1,0.7066,424
2024-09-27,4,9,breakfast,rain,,1,0.3117,187
2024-09-27,4,9,lunch,rain,,1,0.4858,291
2024-09-27,4,9,dinner,rain,,1,0.6217,373
2024-09-28,5,9,breakfast,weekend,,0,0.2781,167
2024-09-28,5,9,lunch,weekend,,0,0.7127,428
2024-09-28,5,9,dinner,weekend,,0,0.866,520
2024-09-29,6,9,breakfast,best_menu,,0,0.5083,305
2024-09-29,6,9,lunch,best_menu,,0,0.8919,535
2024-09-29,6,9,dinner,best_menu,,0,0.9176,551
2024-09-30,0,9,breakfast,rain,,1,0.3276,197
2024-09-30,0,9,lunch,rain,,1,0.536,322
2024-09-30,0,9,dinner,rain,,1,0.6389,383
2024-10-01,1,10,breakfast,pre_holiday,pre_holiday,0,0.3701,222
2024-10-01,1,10,lunch,pre_holiday,pre_holiday,0,0.3652,219
2024-10-01,1,10,dinner,pre_holiday,pre_holiday,0,0.5524,331
2024-10-02,2,10,breakfast,post_holiday,holiday,0,0.3651,219
2024-10-02,2,10,lunch,post_holiday,holiday,0,0.542,325
2024-10-02,2,10,dinner,post_holiday,holiday,0,0.6736,404
2024-10-03,3,10,breakfast,post_holiday,post_holiday,0,0.3632,218
2024-10-03,3,10,lunch,post_holiday,post_holiday,0,0.5948,357
2024-10-03,3,10,dinner,post_holiday,post_holiday,0,0.7133,428
2024-10-04,4,10,breakfast,baseline,,0,0.4851,291
2024-10-04,4,10,lunch,baseline,,0,0.6963,418
2024-10-04,4,10,dinner,baseline,,0,0.8178,491
2024-10-05,5,10,breakfast,weekend,,0,0.3144,189
2024-10-05,5,10,lunch,weekend,,0,0.7291,437
2024-10-05,5,10,dinner,weekend,,0,0.7146,429
2024-10-06,6,10,breakfast,best_menu,,0,0.4755,285
2024-10-06,6,10,lunch,best_menu,,0,0.7491,449
2024-10-06,6,10,dinner,best_menu,,0,0.9939,596
2024-10-07,0,10,breakfast,baseline,,0,0.5035,302
2024-10-07,0,10,lunch,baseline,,0,0.6196,372
2024-10-07,0,10,dinner,baseline,,0,0.6809,409
2024-10-08,1,10,breakfast,baseline,,0,0.4537,272
2024-10-08,1,10,lunch,baseline,,0,0.6373,382
2024-10-08,1,10,dinner,baseline,,0,0.818,491
2024-10-09,2,10,breakfast,baseline,,0,0.4627,278
2024-10-09,2,10,lunch,baseline,,0,0.5832,350
2024-10-09,2,10,dinner,baseline,,0,0.777,466
2024-10-10,3,10,breakfast,rain,,1,0.2977,179
2024-10-10,3,10,lunch,rain,,1,0.5233,314
2024-10-10,3,10,dinner,rain,,1,0.624,374
2024-10-11,4,10,breakfast,baseline,,0,0.5138,308
2024-10-11,4,10,lunch,baseline,,0,0.6283,377
2024-10-11,4,10,dinner,baseline,,0,0.7354,441
2024-10-12,5,10,breakfast,weekend,,0,0.2785,167
2024-10-12,5,10,lunch,weekend,,0,0.6853,411
2024-10-12,5,10,dinner,weekend,,0,0.7404,444
2024-10-13,6,10,breakfast,best_menu,,0,0.5263,316
2024-10-13,6,10,lunch,best_menu,,0,0.8825,529
2024-10-13,6,10,dinner,best_menu,,0,0.9044,543
2024-10-14,0,10,breakfast,baseline,,0,0.4468,268
2024-10-14,0,10,lunch,baseline,,0,0.6335,380
2024-10-14,0,10,dinner,baseline,,0,0.8531,512
2024-10-15,1,10,breakfast,baseline,,0,0.3779,227
2024-10-15,1,10,lunch,baseline,,0,0.6058,363
2024-10-15,1,10,dinner,baseline,,0,0.7509,451
2024-10-16,2,10,breakfast,baseline,,0,0.467,280
2024-10-16,2,10,lunch,baseline,,0,0.6139,368
2024-10-16,2,10,dinner,baseline,,0,0.8111,487
2024-10-17,3,10,breakfast,baseline,,0,0.4566,274
2024-10-17,3,10,lunch,baseline,,0,0.6821,409
2024-10-17,3,10,dinner,baseline,,0,0.7664,460
2024-10-18,4,10,breakfast,baseline,,0,0.4751,285
2024-10-18,4,10,lunch,baseline,,0,0.6389,383
2024-10-18,4,10,dinner,baseline,,0,0.7501,450
2024-10-19,5,10,breakfast,weekend,,0,0.2412,145
2024-10-19,5,10,lunch,weekend,,0,0.6206,372
2024-10-19,5,10,dinner,weekend,,0,0.7089,425
2024-10-20,6,10,breakfast,best_menu,,0,0.5225,313
2024-10-20,6,10,lunch,best_menu,,0,0.7035,422
2024-10-20,6,10,dinner,best_menu,,0,0.8291,497
2024-10-21,0,10,breakfast,baseline,,0,0.5385,323
2024-10-21,0,10,lunch,baseline,,0,0.7246,435
2024-10-21,0,10,dinner,baseline,,0,0.7253,435
2024-10-22,1,10,breakfast,rain,,1,0.2876,173
2024-10-22,1,10,lunch,rain,,1,0.4519,271
2024-10-22,1,10,dinner,rain,,1,0.6274,376
2024-10-23,2,10,breakfast,baseline,,0,0.4469,268
2024-10-23,2,10,lunch,baseline,,0,0.5523,331
2024-10-23,2,10,dinner,baseline,,0,0.7043,423
2024-10-24,3,10,breakfast,baseline,,0,0.4632,278
2024-10-24,3,10,lunch,baseline,,0,0.6545,393
2024-10-24,3,10,dinner,baseline,,0,0.6708,402
2024-10-25,4,10,breakfast,baseline,,0,0.4212,253
2024-10-25,4,10,lunch,baseline,,0,0.6654,399
2024-10-25,4,10,dinner,baseline,,0,0.7494,450
2024-10-26,5,10,breakfast,weekend,,0,0.2924,175
2024-10-26,5,10,lunch,weekend,,0,0.7205,432
2024-10-26,5,10,dinner,weekend,,0,0.8217,493
2024-10-27,6,10,breakfast,best_menu,,0,0.5987,359
2024-10-27,6,10,lunch,best_menu,,0,0.8645,519
2024-10-27,6,10,dinner,best_menu,,0,0.8815,529
2024-10-28,0,10,breakfast,baseline,,0,0.5196,312
2024-10-28,0,10,lunch,baseline,,0,0.7327,440
2024-10-28,0,10,dinner,baseline,,0,0.6763,406
2024-10-29,1,10,breakfast,baseline,,0,0.5035,302
2024-10-29,1,10,lunch,baseline,,0,0.5797,348
2024-10-29,1,10,dinner,baseline,,0,0.6706,402
2024-10-30,2,10,breakfast,baseline,,0,0.4651,279
2024-10-30,2,10,lunch,baseline,,0,0.6281,377
2024-10-30,2,10,dinner,baseline,,0,0.711,427
2024-10-31,3,10,breakfast,baseline,,0,0.4244,255
2024-10-31,3,10,lunch,baseline,,0,0.5888,353
2024-10-31,3,10,dinner,baseline,,0,0.8869,532
2024-11-01,4,11,breakfast,baseline,,0,0.4819,289
2024-11-01,4,11,lunch,baseline,,0,0.6086,365
2024-11-01,4,11,dinner,baseline,,0,0.7388,443
2024-11-02,5,11,breakfast,weekend,,0,0.2364,142
2024-11-02,5,11,lunch,weekend,,0,0.6228,374
2024-11-02,5,11,dinner,weekend,,0,0.6699,402
2024-11-03,6,11,breakfast,best_menu,,0,0.4823,289
2024-11-03,6,11,lunch,best_menu,,0,0.8848,531
2024-11-03,6,11,dinner,best_menu,,0,0.8968,538
2024-11-04,0,11,breakfast,baseline,,0,0.4648,279
2024-11-04,0,11,lunch,baseline,,0,0.673,404
2024-11-04,0,11,dinner,baseline,,0,0.6959,418
2024-11-05,1,11,breakfast,baseline,,0,0.4762,286
2024-11-05,1,11,lunch,baseline,,0,0.6041,362
2024-11-05,1,11,dinner,baseline,,0,0.7836,470
2024-11-06,2,11,breakfast,baseline,,0,0.4302,258
2024-11-06,2,11,lunch,baseline,,0,0.5764,346
2024-11-06,2,11,dinner,baseline,,0,0.679,407
2024-11-07,3,11,breakfast,baseline,,0,0.3677,221
2024-11-07,3,11,lunch,baseline,,0,0.6377,383
2024-11-07,3,11,dinner,baseline,,0,0.7696,462
2024-11-08,4,11,breakfast,baseline,,0,0.451,271
2024-11-08,4,11,lunch,baseline,,0,0.6622,397
2024-11-08,4,11,dinner,baseline,,0,0.7871,472
2024-11-09,5,11,breakfast,weekend,,0,0.3306,198
2024-11-09,5,11,lunch,weekend,,0,0.6439,386
2024-11-09,5,11,dinner,weekend,,0,0.8888,533
2024-11-10,6,11,breakfast,best_menu,,0,0.5779,347
2024-11-10,6,11,lunch,best_menu,,0,0.8044,483
2024-11-10,6,11,dinner,best_menu,,0,0.8703,522
2024-11-11,0,11,breakfast,baseline,,0,0.4438,266
2024-11-11,0,11,lunch,baseline,,0,0.5543,333
2024-11-11,0,11,dinner,baseline,,0,0.808,485
2024-11-12,1,11,breakfast,baseline,,0,0.4213,253
2024-11-12,1,11,lunch,baseline,,0,0.6486,389
2024-11-12,1,11,dinner,baseline,,0,0.7065,424
2024-11-13,2,11,breakfast,baseline,,0,0.4779,287
2024-11-13,2,11,lunch,baseline,,0,0.6314,379
2024-11-13,2,11,dinner,baseline,,0,0.8544,513
2024-11-14,3,11,breakfast,baseline,,0,0.486,292
2024-11-14,3,11,lunch,baseline,,0,0.6383,383
2024-11-14,3,11,dinner,baseline,,0,0.7977,479
2024-11-15,4,11,breakfast,baseline,,0,0.4482,269
2024-11-15,4,11,lunch,baseline,,0,0.6275,376
2024-11-15,4,11,dinner,baseline,,0,0.6998,420
2024-11-16,5,11,breakfast,weekend,,0,0.3156,189
2024-11-16,5,11,lunch,weekend,,0,0.7332,440
2024-11-16,5,11,dinner,weekend,,0,0.8796,528
2024-11-17,6,11,breakfast,best_menu,,0,0.5173,310
2024-11-17,6,11,lunch,best_menu,,0,0.8239,494
2024-11-17,6,11,dinner,best_menu,,0,0.8551,513
2024-11-18,0,11,breakfast,rain_exam,exam,1,0.5553,333
2024-11-18,0,11,lunch,rain_exam,exam,1,0.7531,452
2024-11-18,0,11,dinner,rain_exam,exam,1,0.7547,453
2024-11-19,1,11,breakfast,rain_exam,exam,1,0.639,383
2024-11-19,1,11,lunch,rain_exam,exam,1,0.5509,331
2024-11-19,1,11,dinner,rain_exam,exam,1,0.6152,369
2024-11-20,2,11,breakfast,exam,exam,0,0.6531,392
2024-11-20,2,11,lunch,exam,exam,0,0.748,449
2024-11-20,2,11,dinner,exam,exam,0,0.7747,465
2024-11-21,3,11,breakfast,exam,exam,0,0.7542,453
2024-11-21,3,11,lunch,exam,exam,0,0.7817,469
2024-11-21,3,11,dinner,exam,exam,0,0.8784,527
2024-11-22,4,11,breakfast,exam,exam,0,0.6295,378
2024-11-22,4,11,lunch,exam,exam,0,0.6084,365
2024-11-22,4,11,dinner,exam,exam,0,0.8845,531
2024-11-23,5,11,breakfast,exam,exam,0,0.5681,341
2024-11-23,5,11,lunch,exam,exam,0,0.6945,417
2024-11-23,5,11,dinner,exam,exam,0,0.7864,472
2024-11-24,6,11,breakfast,exam,exam,0,0.6528,392
2024-11-24,6,11,lunch,exam,exam,0,0.611,367
2024-11-24,6,11,dinner,exam,exam,0,0.9093,546
2024-11-25,0,11,breakfast,exam,exam,0,0.6369,382
2024-11-25,0,11,lunch,exam,exam,0,0.5878,353
2024-11-25,0,11,dinner,exam,exam,0,0.7976,479
2024-11-26,1,11,breakfast,exam,exam,0,0.5055,303
2024-11-26,1,11,lunch,exam,exam,0,0.7129,428
2024-11-26,1,11,dinner,exam,exam,0,0.7849,471
2024-11-27,2,11,breakfast,exam,exam,0,0.6149,369
2024-11-27,2,11,lunch,exam,exam,0,0.757,454
2024-11-27,2,11,dinner,exam,exam,0,0.9059,544
2024-11-28,3,11,breakfast,exam,exam,0,0.6394,384
2024-11-28,3,11,lunch,exam,exam,0,0.7554,453
2024-11-28,3,11,dinner,exam,exam,0,0.7637,458
2024-11-29,4,11,breakfast,exam,exam,0,0.6105,366
2024-11-29,4,11,lunch,exam,exam,0,0.7004,420
2024-11-29,4,11,dinner,exam,exam,0,0.8651,519
2024-11-30,5,11,breakfast,weekend,,0,0.3055,183
2024-11-30,5,11,lunch,weekend,,0,0.7542,453
2024-11-30,5,11,dinner,weekend,,0,0.8017,481
2024-12-01,6,12,breakfast,best_menu,,0,0.5281,317
2024-12-01,6,12,lunch,best_menu,,0,0.8475,508
2024-12-01,6,12,dinner,best_menu,,0,0.7648,459
2024-12-02,0,12,breakfast,baseline,,0,0.4816,289
2024-12-02,0,12,lunch,baseline,,0,0.647,388
2024-12-02,0,12,dinner,baseline,,0,0.7747,465
2024-12-03,1,12,breakfast,baseline,,0,0.4669,280
2024-12-03,1,12,lunch,baseline,,0,0.6667,400
2024-12-03,1,12,dinner,baseline,,0,0.9126,548
2024-12-04,2,12,breakfast,baseline,,0,0.4213,253
2024-12-04,2,12,lunch,baseline,,0,0.655,393
2024-12-04,2,12,dinner,baseline,,0,0.7763,466
2024-12-05,3,12,breakfast,baseline,,0,0.4128,248
2024-12-05,3,12,lunch,baseline,,0,0.7504,450
2024-12-05,3,12,dinner,baseline,,0,0.7696,462
2024-12-06,4,12,breakfast,baseline,,0,0.483,290
2024-12-06,4,12,lunch,baseline,,0,0.6278,377
2024-12-06,4,12,dinner,baseline,,0,0.7348,441
2024-12-07,5,12,breakfast,weekend,,0,0.269,161
2024-12-07,5,12,lunch,weekend,,0,0.7197,432
2024-12-07,5,12,dinner,weekend,,0,0.9032,542
2024-12-08,6,12,breakfast,best_menu,,0,0.5173,310
2024-12-08,6,12,lunch,best_menu,,0,0.7675,461
2024-12-08,6,12,dinner,best_menu,,0,0.8705,522
2024-12-09,0,12,breakfast,baseline,,0,0.4364,262
2024-12-09,0,12,lunch,baseline,,0,0.6798,408
2024-12-09,0,12,dinner,baseline,,0,0.646,388
2024-12-10,1,12,breakfast,baseline,,0,0.4363,262
2024-12-10,1,12,lunch,baseline,,0,0.6524,391
2024-12-10,1,12,dinner,baseline,,0,0.6824,409
2024-12-11,2,12,breakfast,baseline,,0,0.4948,297
2024-12-11,2,12,lunch,baseline,,0,0.682,409
2024-12-11,2,12,dinner,baseline,,0,0.6591,395
2024-12-12,3,12,breakfast,baseline,,0,0.4646,279
2024-12-12,3,12,lunch,baseline,,0,0.552,331
2024-12-12,3,12,dinner,baseline,,0,0.7485,449
2024-12-13,4,12,breakfast,baseline,,0,0.47,282
2024-12-13,4,12,lunch,baseline,,0,0.6423,385
2024-12-13,4,12,dinner,baseline,,0,0.7675,460
2024-12-14,5,12,breakfast,weekend,,0,0.3294,198
2024-12-14,5,12,lunch,weekend,,0,0.5394,324
2024-12-14,5,12,dinner,weekend,,0,0.7634,458
2024-12-15,6,12,breakfast,post_holiday,holiday,0,0.3296,198
2024-12-15,6,12,lunch,post_holiday,holiday,0,0.5457,327
2024-12-15,6,12,dinner,post_holiday,holiday,0,0.6966,418
2024-12-16,0,12,breakfast,post_holiday,holiday,0,0.3936,236
2024-12-16,0,12,lunch,post_holiday,holiday,0,0.502,301
2024-12-16,0,12,dinner,post_holiday,holiday,0,0.5993,360
2024-12-17,1,12,breakfast,post_holiday,holiday,0,0.3667,220
2024-12-17,1,12,lunch,post_holiday,holiday,0,0.5617,337
2024-12-17,1,12,dinner,post_holiday,holiday,0,0.5385,323
2024-12-18,2,12,breakfast,post_holiday,holiday,0,0.4018,241
2024-12-18,2,12,lunch,post_holiday,holiday,0,0.5338,320
2024-12-18,2,12,dinner,post_holiday,holiday,0,0.6625,397
2024-12-19,3,12,breakfast,post_holiday,holiday,0,0.4196,252
2024-12-19,3,12,lunch,post_holiday,holiday,0,0.5276,317
2024-12-19,3,12,dinner,post_holiday,holiday,0,0.623,374
2024-12-20,4,12,breakfast,post_holiday,holiday,0,0.3655,219
2024-12-20,4,12,lunch,post_holiday,holiday,0,0.5718,343
2024-12-20,4,12,dinner,post_holiday,holiday,0,0.6463,388
2024-12-21,5,12,breakfast,post_holiday,holiday,0,0.3831,230
2024-12-21,5,12,lunch,post_holiday,holiday,0,0.5639,338
2024-12-21,5,12,dinner,post_holiday,holiday,0,0.6121,367
2024-12-22,6,12,breakfast,post_holiday,holiday,0,0.3353,201
2024-12-22,6,12,lunch,post_holiday,holiday,0,0.5963,358
2024-12-22,6,12,dinner,post_holiday,holiday,0,0.7026,422
2024-12-23,0,12,breakfast,post_holiday,holiday,0,0.4517,271
2024-12-23,0,12,lunch,post_holiday,holiday,0,0.5848,351
2024-12-23,0,12,dinner,post_holiday,holiday,0,0.6825,410
2024-12-24,1,12,breakfast,post_holiday,holiday,0,0.3767,226
2024-12-24,1,12,lunch,post_holiday,holiday,0,0.5326,320
2024-12-24,1,12,dinner,post_holiday,holiday,0,0.6531,392
2024-12-25,2,12,breakfast,post_holiday,holiday,0,0.3889,233
2024-12-25,2,12,lunch,post_holiday,holiday,0,0.5022,301
2024-12-25,2,12,dinner,post_holiday,holiday,0,0.6751,405
2024-12-26,3,12,breakfast,post_holiday,holiday,0,0.4034,242
2024-12-26,3,12,lunch,post_holiday,holiday,0,0.574,344
2024-12-26,3,12,dinner,post_holiday,holiday,0,0.6196,372
2024-12-27,4,12,breakfast,post_holiday,holiday,0,0.3567,214
2024-12-27,4,12,lunch,post_holiday,holiday,0,0.4708,282
2024-12-27,4,12,dinner,post_holiday,holiday,0,0.6453,387
2024-12-28,5,12,breakfast,post_holiday,holiday,0,0.3698,222
2024-12-28,5,12,lunch,post_holiday,holiday,0,0.4136,248
2024-12-28,5,12,dinner,post_holiday,holiday,0,0.5701,342
2024-12-29,6,12,breakfast,post_holiday,holiday,0,0.363,218
2024-12-29,6,12,lunch,post_holiday,holiday,0,0.5573,334
2024-12-29,6,12,dinner,post_holiday,holiday,0,0.5629,338
2024-12-30,0,12,breakfast,post_holiday,holiday,0,0.3789,227
2024-12-30,0,12,lunch,post_holiday,holiday,0,0.5542,333
2024-12-30,0,12,dinner,post_holiday,holiday,0,0.7512,451
2024-12-31,1,12,breakfast,post_holiday,holiday,0,0.3739,224
2024-12-31,1,12,lunch,post_holiday,holiday,0,0.516,310
2024-12-31,1,12,dinner,post_holiday,holiday,0,0.6168,370
2025-01-01,2,1,breakfast,baseline,,0,0.4462,268
2025-01-01,2,1,lunch,baseline,,0,0.6133,368
2025-01-01,2,1,dinner,baseline,,0,0.838,503
2025-01-02,3,1,breakfast,baseline,,0,0.5328,320
2025-01-02,3,1,lunch,baseline,,0,0.6379,383
2025-01-02,3,1,dinner,baseline,,0,0.8571,514
2025-01-03,4,1,breakfast,baseline,,0,0.4847,291
2025-01-03,4,1,lunch,baseline,,0,0.5966,358
2025-01-03,4,1,dinner,baseline,,0,0.6988,419
2025-01-04,5,1,breakfast,weekend,,0,0.3237,194
2025-01-04,5,1,lunch,weekend,,0,0.7023,421
2025-01-04,5,1,dinner,weekend,,0,0.7027,422
2025-01-05,6,1,breakfast,best_menu,,0,0.4724,283
2025-01-05,6,1,lunch,best_menu,,0,0.6869,412
2025-01-05,6,1,dinner,best_menu,,0,0.9079,545
2025-01-06,0,1,breakfast,baseline,,0,0.4495,270
2025-01-06,0,1,lunch,baseline,,0,0.5188,311
2025-01-06,0,1,dinner,baseline,,0,0.7386,443
2025-01-07,1,1,breakfast,baseline,,0,0.5255,315
2025-01-07,1,1,lunch,baseline,,0,0.5595,336
2025-01-07,1,1,dinner,baseline,,0,0.7266,436
2025-01-08,2,1,breakfast,baseline,,0,0.4662,280
2025-01-08,2,1,lunch,baseline,,0,0.6619,397
2025-01-08,2,1,dinner,baseline,,0,0.7569,454
2025-01-09,3,1,breakfast,baseline,,0,0.478,287
2025-01-09,3,1,lunch,baseline,,0,0.5923,355
2025-01-09,3,1,dinner,baseline,,0,0.8027,482
2025-01-10,4,1,breakfast,baseline,,0,0.4618,277
2025-01-10,4,1,lunch,baseline,,0,0.6424,385
2025-01-10,4,1,dinner,baseline,,0,0.713,428
2025-01-11,5,1,breakfast,weekend,,0,0.2851,171
2025-01-11,5,1,lunch,weekend,,0,0.64,384
2025-01-11,5,1,dinner,weekend,,0,0.7612,457
2025-01-12,6,1,breakfast,best_menu,,0,0.5471,328
2025-01-12,6,1,lunch,best_menu,,0,0.7264,436
2025-01-12,6,1,dinner,best_menu,,0,0.9513,571
2025-01-13,0,1,breakfast,baseline,,0,0.4296,258
2025-01-13,0,1,lunch,baseline,,0,0.6017,361
2025-01-13,0,1,dinner,baseline,,0,0.8295,498
2025-01-14,1,1,breakfast,baseline,,0,0.4424,265
2025-01-14,1,1,lunch,baseline,,0,0.6586,395
2025-01-14,1,1,dinner,baseline,,0,0.6236,374
2025-01-15,2,1,breakfast,baseline,,0,0.5219,313
2025-01-15,2,1,lunch,baseline,,0,0.64,384
2025-01-15,2,1,dinner,baseline,,0,0.7541,452
2025-01-16,3,1,breakfast,baseline,,0,0.4822,289
2025-01-16,3,1,lunch,baseline,,0,0.5321,319
2025-01-16,3,1,dinner,baseline,,0,0.6491,389
2025-01-17,4,1,breakfast,baseline,,0,0.4243,255
2025-01-17,4,1,lunch,baseline,,0,0.6998,420
2025-01-17,4,1,dinner,baseline,,0,0.7311,439
2025-01-18,5,1,breakfast,weekend,,0,0.2696,162
2025-01-18,5,1,lunch,weekend,,0,0.546,328
2025-01-18,5,1,dinner,weekend,,0,0.7687,461
2025-01-19,6,1,breakfast,best_menu,,0,0.5152,309
2025-01-19,6,1,lunch,best_menu,,0,0.869,521
2025-01-19,6,1,dinner,best_menu,,0,0.9863,592
2025-01-20,0,1,breakfast,rain,,1,0.2626,158
2025-01-20,0,1,lunch,rain,,1,0.5597,336
2025-01-20,0,1,dinner,rain,,1,0.6615,397
2025-01-21,1,1,breakfast,baseline,,0,0.4853,291
2025-01-21,1,1,lunch,baseline,,0,0.5743,345
2025-01-21,1,1,dinner,baseline,,0,0.8705,522
2025-01-22,2,1,breakfast,baseline,,0,0.477,286
2025-01-22,2,1,lunch,baseline,,0,0.5478,329
2025-01-22,2,1,dinner,baseline,,0,0.6942,417
2025-01-23,3,1,breakfast,baseline,,0,0.4406,264
2025-01-23,3,1,lunch,baseline,,0,0.6759,406
2025-01-23,3,1,dinner,baseline,,0,0.7642,459
2025-01-24,4,1,breakfast,baseline,,0,0.4991,299
2025-01-24,4,1,lunch,baseline,,0,0.6213,373
2025-01-24,4,1,dinner,baseline,,0,0.6432,386
2025-01-25,5,1,breakfast,pre_holiday,pre_holiday,0,0.435,261
2025-01-25,5,1,lunch,pre_holiday,pre_holiday,0,0.4299,258
2025-01-25,5,1,dinner,pre_holiday,pre_holiday,0,0.4592,276
2025-01-26,6,1,breakfast,post_holiday,holiday,0,0.3655,219
2025-01-26,6,1,lunch,post_holiday,holiday,0,0.5258,315
2025-01-26,6,1,dinner,post_holiday,holiday,0,0.5636,338
2025-01-27,0,1,breakfast,post_holiday,post_holiday,0,0.361,217
2025-01-27,0,1,lunch,post_holiday,post_holiday,0,0.5751,345
2025-01-27,0,1,dinner,post_holiday,post_holiday,0,0.6743,405
2025-01-28,1,1,breakfast,baseline,,0,0.4359,262
2025-01-28,1,1,lunch,baseline,,0,0.6404,384
2025-01-28,1,1,dinner,baseline,,0,0.701,421
2025-01-29,2,1,breakfast,baseline,,0,0.4162,250
2025-01-29,2,1,lunch,baseline,,0,0.6012,361
2025-01-29,2,1,dinner,baseline,,0,0.6802,408
2025-01-30,3,1,breakfast,baseline,,0,0.4763,286
2025-01-30,3,1,lunch,baseline,,0,0.5529,332
2025-01-30,3,1,dinner,baseline,,0,0.7515,451
2025-01-31,4,1,breakfast,baseline,,0,0.4623,277
2025-01-31,4,1,lunch,baseline,,0,0.6327,380
2025-01-31,4,1,dinner,baseline,,0,0.6628,398
2025-02-01,5,2,breakfast,weekend,,0,0.3007,180
2025-02-01,5,2,lunch,weekend,,0,0.7576,455
2025-02-01,5,2,dinner,weekend,,0,0.6446,387
2025-02-02,6,2,breakfast,rain_weekend,,1,0.219,131
2025-02-02,6,2,lunch,rain_weekend,,1,0.5927,356
2025-02-02,6,2,dinner,rain_weekend,,1,0.696,418
2025-02-03,0,2,breakfast,baseline,,0,0.4457,267
2025-02-03,0,2,lunch,baseline,,0,0.5512,331
2025-02-03,0,2,dinner,baseline,,0,0.6093,366
2025-02-04,1,2,breakfast,baseline,,0,0.4145,249
2025-02-04,1,2,lunch,baseline,,0,0.6103,366
2025-02-04,1,2,dinner,baseline,,0,0.6668,400
2025-02-05,2,2,breakfast,baseline,,0,0.4437,266
2025-02-05,2,2,lunch,baseline,,0,0.5964,358
2025-02-05,2,2,dinner,baseline,,0,0.7727,464
2025-02-06,3,2,breakfast,baseline,,0,0.4616,277
2025-02-06,3,2,lunch,baseline,,0,0.6454,387
2025-02-06,3,2,dinner,baseline,,0,0.8447,507
2025-02-07,4,2,breakfast,baseline,,0,0.448,269
2025-02-07,4,2,lunch,baseline,,0,0.6907,414
2025-02-07,4,2,dinner,baseline,,0,0.8259,496
2025-02-08,5,2,breakfast,weekend,,0,0.2925,176
2025-02-08,5,2,lunch,weekend,,0,0.7761,466
2025-02-08,5,2,dinner,weekend,,0,0.8152,489
2025-02-09,6,2,breakfast,best_menu,,0,0.524,314
2025-02-09,6,2,lunch,best_menu,,0,0.7754,465
2025-02-09,6,2,dinner,best_menu,,0,0.9208,552
2025-02-10,0,2,breakfast,baseline,,0,0.4485,269
2025-02-10,0,2,lunch,baseline,,0,0.6373,382
2025-02-10,0,2,dinner,baseline,,0,0.7093,426
2025-02-11,1,2,breakfast,baseline,,0,0.5549,333
2025-02-11,1,2,lunch,baseline,,0,0.5433,326
2025-02-11,1,2,dinner,baseline,,0,0.7694,462
2025-02-12,2,2,breakfast,rain_exam,exam,1,0.6103,366
2025-02-12,2,2,lunch,rain_exam,exam,1,0.6691,401
2025-02-12,2,2,dinner,rain_exam,exam,1,0.778,467
2025-02-13,3,2,breakfast,exam,exam,0,0.66,396
2025-02-13,3,2,lunch,exam,exam,0,0.7997,480
2025-02-13,3,2,dinner,exam,exam,0,0.7041,422
2025-02-14,4,2,breakfast,exam,exam,0,0.6695,402
2025-02-14,4,2,lunch,exam,exam,0,0.7966,478
2025-02-14,4,2,dinner,exam,exam,0,0.7821,469
2025-02-15,5,2,breakfast,exam,exam,0,0.6576,395
2025-02-15,5,2,lunch,exam,exam,0,0.7323,439
2025-02-15,5,2,dinner,exam,exam,0,0.8863,532
2025-02-16,6,2,breakfast,exam,exam,0,0.5582,335
2025-02-16,6,2,lunch,exam,exam,0,0.7905,474
2025-02-16,6,2,dinner,exam,exam,0,0.8672,520
2025-02-17,0,2,breakfast,exam,exam,0,0.5735,344
2025-02-17,0,2,lunch,exam,exam,0,0.7628,458
2025-02-17,0,2,dinner,exam,exam,0,0.6993,420
2025-02-18,1,2,breakfast,exam,exam,0,0.5724,343
2025-02-18,1,2,lunch,exam,exam,0,0.7365,442
2025-02-18,1,2,dinner,exam,exam,0,0.8584,515
2025-02-19,2,2,breakfast,exam,exam,0,0.6407,384
2025-02-19,2,2,lunch,exam,exam,0,0.6926,416
2025-02-19,2,2,dinner,exam,exam,0,0.8315,499
2025-02-20,3,2,breakfast,exam,exam,0,0.6779,407
2025-02-20,3,2,lunch,exam,exam,0,0.7107,426
2025-02-20,3,2,dinner,exam,exam,0,0.8503,510
2025-02-21,4,2,breakfast,exam,exam,0,0.6702,402
2025-02-21,4,2,lunch,exam,exam,0,0.6301,378
2025-02-21,4,2,dinner,exam,exam,0,0.9188,551
2025-02-22,5,2,breakfast,exam,exam,0,0.7741,464
2025-02-22,5,2,lunch,exam,exam,0,0.6688,401
2025-02-22,5,2,dinner,exam,exam,0,0.8595,516
2025-02-23,6,2,breakfast,best_menu,,0,0.5842,350
2025-02-23,6,2,lunch,best_menu,,0,0.7554,453
2025-02-23,6,2,dinner,best_menu,,0,0.9161,550
2025-02-24,0,2,breakfast,baseline,,0,0.4602,276
2025-02-24,0,2,lunch,baseline,,0,0.5979,359
2025-02-24,0,2,dinner,baseline,,0,0.7446,447
2025-02-25,1,2,breakfast,baseline,,0,0.4549,273
2025-02-25,1,2,lunch,baseline,,0,0.6561,394
2025-02-25,1,2,dinner,baseline,,0,0.7364,442
2025-02-26,2,2,breakfast,baseline,,0,0.4856,291
2025-02-26,2,2,lunch,baseline,,0,0.6518,391
2025-02-26,2,2,dinner,baseline,,0,0.7064,424
2025-02-27,3,2,breakfast,rain,,1,0.2786,167
2025-02-27,3,2,lunch,rain,,1,0.4896,294
2025-02-27,3,2,dinner,rain,,1,0.6061,364
2025-02-28,4,2,breakfast,baseline,,0,0.427,256
2025-02-28,4,2,lunch,baseline,,0,0.6658,399
2025-02-28,4,2,dinner,baseline,,0,0.7177,431
2025-03-01,5,3,breakfast,rain_weekend,,1,0.1977,119
2025-03-01,5,3,lunch,rain_weekend,,1,0.6419,385
2025-03-01,5,3,dinner,rain_weekend,,1,0.6381,383
2025-03-02,6,3,breakfast,best_menu,,0,0.5267,316
2025-03-02,6,3,lunch,best_menu,,0,0.7116,427
2025-03-02,6,3,dinner,best_menu,,0,0.8617,517
2025-03-03,0,3,breakfast,baseline,,0,0.4648,279
2025-03-03,0,3,lunch,baseline,,0,0.6097,366
2025-03-03,0,3,dinner,baseline,,0,0.8925,535
2025-03-04,1,3,breakfast,baseline,,0,0.4573,274
2025-03-04,1,3,lunch,baseline,,0,0.5762,346
2025-03-04,1,3,dinner,baseline,,0,0.7204,432
2025-03-05,2,3,breakfast,baseline,,0,0.3663,220
2025-03-05,2,3,lunch,baseline,,0,0.6453,387
2025-03-05,2,3,dinner,baseline,,0,0.8642,519
2025-03-06,3,3,breakfast,baseline,,0,0.4594,276
2025-03-06,3,3,lunch,baseline,,0,0.6853,411
2025-03-06,3,3,dinner,baseline,,0,0.7402,444
2025-03-07,4,3,breakfast,baseline,,0,0.3681,221
2025-03-07,4,3,lunch,baseline,,0,0.6658,399
2025-03-07,4,3,dinner,baseline,,0,0.7432,446
2025-03-08,5,3,breakfast,weekend,,0,0.303,182
2025-03-08,5,3,lunch,weekend,,0,0.6673,400
2025-03-08,5,3,dinner,weekend,,0,0.7502,450
2025-03-09,6,3,breakfast,best_menu,,0,0.4762,286
2025-03-09,6,3,lunch,best_menu,,0,0.867,520
2025-03-09,6,3,dinner,best_menu,,0,0.7994,480
2025-03-10,0,3,breakfast,fest,fest,0,0.25,150
2025-03-10,0,3,lunch,fest,fest,0,0.1999,120
2025-03-10,0,3,dinner,fest,fest,0,0.3695,222
2025-03-11,1,3,breakfast,fest,fest,0,0.2075,124
2025-03-11,1,3,lunch,fest,fest,0,0.1844,111
2025-03-11,1,3,dinner,fest,fest,0,0.3678,221
2025-03-12,2,3,breakfast,fest,fest,0,0.2161,130
2025-03-12,2,3,lunch,fest,fest,0,0.1802,108
2025-03-12,2,3,dinner,fest,fest,0,0.3244,195
2025-03-13,3,3,breakfast,fest,fest,0,0.2325,140
2025-03-13,3,3,lunch,fest,fest,0,0.1633,98
2025-03-13,3,3,dinner,fest,fest,0,0.3611,217
2025-03-14,4,3,breakfast,baseline,,0,0.454,272
2025-03-14,4,3,lunch,baseline,,0,0.6136,368
2025-03-14,4,3,dinner,baseline,,0,0.8386,503
2025-03-15,5,3,breakfast,weekend,,0,0.2685,161
2025-03-15,5,3,lunch,weekend,,0,0.7376,443
2025-03-15,5,3,dinner,weekend,,0,0.7348,441
2025-03-16,6,3,breakfast,best_menu,,0,0.5467,328
2025-03-16,6,3,lunch,best_menu,,0,0.7685,461
2025-03-16,6,3,dinner,best_menu,,0,0.9643,579
2025-03-17,0,3,breakfast,baseline,,0,0.4277,257
2025-03-17,0,3,lunch,baseline,,0,0.6001,360
2025-03-17,0,3,dinner,baseline,,0,0.7161,430
2025-03-18,1,3,breakfast,baseline,,0,0.4726,284
2025-03-18,1,3,lunch,baseline,,0,0.72,432
2025-03-18,1,3,dinner,baseline,,0,0.8861,532
2025-03-19,2,3,breakfast,baseline,,0,0.4525,272
2025-03-19,2,3,lunch,baseline,,0,0.5737,344
2025-03-19,2,3,dinner,baseline,,0,0.7033,422
2025-03-20,3,3,breakfast,baseline,,0,0.4119,247
2025-03-20,3,3,lunch,baseline,,0,0.58,348
2025-03-20,3,3,dinner,baseline,,0,0.7413,445
2025-03-21,4,3,breakfast,baseline,,0,0.4803,288
2025-03-21,4,3,lunch,baseline,,0,0.5868,352
2025-03-21,4,3,dinner,baseline,,0,0.9186,551
2025-03-22,5,3,breakfast,weekend,,0,0.2925,176
2025-03-22,5,3,lunch,weekend,,0,0.6747,405
2025-03-22,5,3,dinner,weekend,,0,0.7878,473
2025-03-23,6,3,breakfast,best_menu,,0,0.6061,364
2025-03-23,6,3,lunch,best_menu,,0,0.8716,523
2025-03-23,6,3,dinner,best_menu,,0,0.9214,553
2025-03-24,0,3,breakfast,baseline,,0,0.4576,275
2025-03-24,0,3,lunch,baseline,,0,0.5765,346
2025-03-24,0,3,dinner,baseline,,0,0.8377,503
2025-03-25,1,3,breakfast,baseline,,0,0.4534,272
2025-03-25,1,3,lunch,baseline,,0,0.5099,306
2025-03-25,1,3,dinner,baseline,,0,0.691,415
2025-03-26,2,3,breakfast,baseline,,0,0.4937,296
2025-03-26,2,3,lunch,baseline,,0,0.6895,414
2025-03-26,2,3,dinner,baseline,,0,0.6545,393
2025-03-27,3,3,breakfast,baseline,,0,0.4866,292
2025-03-27,3,3,lunch,baseline,,0,0.5493,330
2025-03-27,3,3,dinner,baseline,,0,0.7495,450
2025-03-28,4,3,breakfast,baseline,,0,0.4392,264
2025-03-28,4,3,lunch,baseline,,0,0.5395,324
2025-03-28,4,3,dinner,baseline,,0,0.7305,438
2025-03-29,5,3,breakfast,weekend,,0,0.2964,178
2025-03-29,5,3,lunch,weekend,,0,0.6684,401
2025-03-29,5,3,dinner,weekend,,0,0.7556,453
2025-03-30,6,3,breakfast,best_menu,,0,0.5522,331
2025-03-30,6,3,lunch,best_menu,,0,0.7805,468
2025-03-30,6,3,dinner,best_menu,,0,0.8705,522
2025-03-31,0,3,breakfast,baseline,,0,0.3808,229
2025-03-31,0,3,lunch,baseline,,0,0.6575,395
2025-03-31,0,3,dinner,baseline,,0,0.75,450
2025-04-01,1,4,breakfast,baseline,,0,0.4846,291
2025-04-01,1,4,lunch,baseline,,0,0.5344,321
2025-04-01,1,4,dinner,baseline,,0,0.6316,379
2025-04-02,2,4,breakfast,baseline,,0,0.4497,270
2025-04-02,2,4,lunch,baseline,,0,0.642,385
2025-04-02,2,4,dinner,baseline,,0,0.7223,433
2025-04-03,3,4,breakfast,baseline,,0,0.4836,290
2025-04-03,3,4,lunch,baseline,,0,0.6579,395
2025-04-03,3,4,dinner,baseline,,0,0.7344,441
2025-04-04,4,4,breakfast,baseline,,0,0.4777,287
2025-04-04,4,4,lunch,baseline,,0,0.6952,417
2025-04-04,4,4,dinner,baseline,,0,0.7887,473
2025-04-05,5,4,breakfast,weekend,,0,0.3162,190
2025-04-05,5,4,lunch,weekend,,0,0.7482,449
2025-04-05,5,4,dinner,weekend,,0,0.881,529
2025-04-06,6,4,breakfast,best_menu,,0,0.5237,314
2025-04-06,6,4,lunch,best_menu,,0,0.8478,509
2025-04-06,6,4,dinner,best_menu,,0,0.9041,542
2025-04-07,0,4,breakfast,baseline,,0,0.4649,279
2025-04-07,0,4,lunch,baseline,,0,0.6627,398
2025-04-07,0,4,dinner,baseline,,0,0.7553,453
2025-04-08,1,4,breakfast,baseline,,0,0.4407,264
2025-04-08,1,4,lunch,baseline,,0,0.7082,425
2025-04-08,1,4,dinner,baseline,,0,0.696,418
2025-04-09,2,4,breakfast,baseline,,0,0.4504,270
2025-04-09,2,4,lunch,baseline,,0,0.6779,407
2025-04-09,2,4,dinner,baseline,,0,0.6602,396
2025-04-10,3,4,breakfast,baseline,,0,0.3766,226
2025-04-10,3,4,lunch,baseline,,0,0.635,381
2025-04-10,3,4,dinner,baseline,,0,0.6829,410
2025-04-11,4,4,breakfast,rain,,1,0.3334,200
2025-04-11,4,4,lunch,rain,,1,0.506,304
2025-04-11,4,4,dinner,rain,,1,0.6451,387
2025-04-12,5,4,breakfast,weekend,,0,0.3161,190
2025-04-12,5,4,lunch,weekend,,0,0.7266,436
2025-04-12,5,4,dinner,weekend,,0,0.74,444
2025-04-13,6,4,breakfast,rain_weekend,,1,0.2167,130
2025-04-13,6,4,lunch,rain_weekend,,1,0.6189,371
2025-04-13,6,4,dinner,rain_weekend,,1,0.5922,355
2025-04-14,0,4,breakfast,baseline,,0,0.411,247
2025-04-14,0,4,lunch,baseline,,0,0.7049,423
2025-04-14,0,4,dinner,baseline,,0,0.8114,487
2025-04-15,1,4,breakfast,baseline,,0,0.4557,273
2025-04-15,1,4,lunch,baseline,,0,0.6227,374
2025-04-15,1,4,dinner,baseline,,0,0.7907,474
2025-04-16,2,4,breakfast,baseline,,0,0.4585,275
2025-04-16,2,4,lunch,baseline,,0,0.6775,407
2025-04-16,2,4,dinner,baseline,,0,0.7163,430
2025-04-17,3,4,breakfast,baseline,,0,0.407,244
2025-04-17,3,4,lunch,baseline,,0,0.5794,348
2025-04-17,3,4,dinner,baseline,,0,0.6403,384
2025-04-18,4,4,breakfast,baseline,,0,0.5151,309
2025-04-18,4,4,lunch,baseline,,0,0.7055,423
2025-04-18,4,4,dinner,baseline,,0,0.6524,391
2025-04-19,5,4,breakfast,rain_weekend,,1,0.2228,134
2025-04-19,5,4,lunch,rain_weekend,,1,0.5781,347
2025-04-19,5,4,dinner,rain_weekend,,1,0.6721,403
2025-04-20,6,4,breakfast,exam,exam,0,0.6639,398
2025-04-20,6,4,lunch,exam,exam,0,0.6709,403
2025-04-20,6,4,dinner,exam,exam,0,0.8805,528
2025-04-21,0,4,breakfast,exam,exam,0,0.6782,407
2025-04-21,0,4,lunch,exam,exam,0,0.7934,476
2025-04-21,0,4,dinner,exam,exam,0,0.8124,487
2025-04-22,1,4,breakfast,exam,exam,0,0.5379,323
2025-04-22,1,4,lunch,exam,exam,0,0.7177,431
2025-04-22,1,4,dinner,exam,exam,0,0.8263,496
2025-04-23,2,4,breakfast,exam,exam,0,0.6736,404
2025-04-23,2,4,lunch,exam,exam,0,0.7069,424
2025-04-23,2,4,dinner,exam,exam,0,0.7921,475
2025-04-24,3,4,breakfast,exam,exam,0,0.7057,423
2025-04-24,3,4,lunch,exam,exam,0,0.7687,461
2025-04-24,3,4,dinner,exam,exam,0,0.8577,515
2025-04-25,4,4,breakfast,exam,exam,0,0.5896,354
2025-04-25,4,4,lunch,exam,exam,0,0.7352,441
2025-04-25,4,4,dinner,exam,exam,0,0.8769,526
2025-04-26,5,4,breakfast,exam,exam,0,0.6726,404
2025-04-26,5,4,lunch,exam,exam,0,0.6875,413
2025-04-26,5,4,dinner,exam,exam,0,0.902,541
2025-04-27,6,4,breakfast,exam,exam,0,0.4983,299
2025-04-27,6,4,lunch,exam,exam,0,0.8032,482
2025-04-27,6,4,dinner,exam,exam,0,0.6554,393
2025-04-28,0,4,breakfast,exam,exam,0,0.7033,422
2025-04-28,0,4,lunch,exam,exam,0,0.7147,429
2025-04-28,0,4,dinner,exam,exam,0,0.765,459
2025-04-29,1,4,breakfast,exam,exam,0,0.7034,422
2025-04-29,1,4,lunch,exam,exam,0,0.6206,372
2025-04-29,1,4,dinner,exam,exam,0,0.9449,567
2025-04-30,2,4,breakfast,exam,exam,0,0.588,353
2025-04-30,2,4,lunch,exam,exam,0,0.6991,419
2025-04-30,2,4,dinner,exam,exam,0,0.7961,478
2025-05-01,3,5,breakfast,post_holiday,holiday,0,0.4058,243
2025-05-01,3,5,lunch,post_holiday,holiday,0,0.4672,280
2025-05-01,3,5,dinner,post_holiday,holiday,0,0.6129,368
2025-05-02,4,5,breakfast,post_holiday,holiday,0,0.423,254
2025-05-02,4,5,lunch,post_holiday,holiday,0,0.4832,290
2025-05-02,4,5,dinner,post_holiday,holiday,0,0.7146,429
2025-05-03,5,5,breakfast,post_holiday,holiday,0,0.3477,209
2025-05-03,5,5,lunch,post_holiday,holiday,0,0.5123,307
2025-05-03,5,5,dinner,post_holiday,holiday,0,0.5927,356
2025-05-04,6,5,breakfast,post_holiday,holiday,0,0.3862,232
2025-05-04,6,5,lunch,post_holiday,holiday,0,0.4885,293
2025-05-04,6,5,dinner,post_holiday,holiday,0,0.5229,314
2025-05-05,0,5,breakfast,post_holiday,holiday,0,0.328,197
2025-05-05,0,5,lunch,post_holiday,holiday,0,0.5091,305
2025-05-05,0,5,dinner,post_holiday,holiday,0,0.5873,352
2025-05-06,1,5,breakfast,post_holiday,holiday,0,0.4447,267
2025-05-06,1,5,lunch,post_holiday,holiday,0,0.5441,326
2025-05-06,1,5,dinner,post_holiday,holiday,0,0.6458,387
2025-05-07,2,5,breakfast,post_holiday,holiday,0,0.3633,218
2025-05-07,2,5,lunch,post_holiday,holiday,0,0.551,331
2025-05-07,2,5,dinner,post_holiday,holiday,0,0.5814,349
2025-05-08,3,5,breakfast,post_holiday,holiday,0,0.3465,208
2025-05-08,3,5,lunch,post_holiday,holiday,0,0.5293,318
2025-05-08,3,5,dinner,post_holiday,holiday,0,0.6036,362
2025-05-09,4,5,breakfast,post_holiday,holiday,0,0.3637,218
2025-05-09,4,5,lunch,post_holiday,holiday,0,0.5299,318
2025-05-09,4,5,dinner,post_holiday,holiday,0,0.6214,373
2025-05-10,5,5,breakfast,post_holiday,holiday,0,0.3982,239
2025-05-10,5,5,lunch,post_holiday,holiday,0,0.552,331
2025-05-10,5,5,dinner,post_holiday,holiday,0,0.6288,377
2025-05-11,6,5,breakfast,post_holiday,holiday,0,0.4078,245
2025-05-11,6,5,lunch,post_holiday,holiday,0,0.5314,319
2025-05-11,6,5,dinner,post_holiday,holiday,0,0.6178,371
2025-05-12,0,5,breakfast,rain_weekend,holiday,1,0.2271,136
2025-05-12,0,5,lunch,rain_weekend,holiday,1,0.5357,321
2025-05-12,0,5,dinner,rain_weekend,holiday,1,0.7077,425
2025-05-13,1,5,breakfast,post_holiday,holiday,0,0.39,234
2025-05-13,1,5,lunch,post_holiday,holiday,0,0.6099,366
2025-05-13,1,5,dinner,post_holiday,holiday,0,0.6581,395
2025-05-14,2,5,breakfast,post_holiday,holiday,0,0.3661,220
2025-05-14,2,5,lunch,post_holiday,holiday,0,0.543,326
2025-05-14,2,5,dinner,post_holiday,holiday,0,0.6206,372
2025-05-15,3,5,breakfast,post_holiday,holiday,0,0.3744,225
2025-05-15,3,5,lunch,post_holiday,holiday,0,0.5503,330
2025-05-15,3,5,dinner,post_holiday,holiday,0,0.5945,357
2025-05-16,4,5,breakfast,post_holiday,holiday,0,0.3416,205
2025-05-16,4,5,lunch,post_holiday,holiday,0,0.5586,335
2025-05-16,4,5,dinner,post_holiday,holiday,0,0.661,397
2025-05-17,5,5,breakfast,rain_weekend,holiday,1,0.2154,129
2025-05-17,5,5,lunch,rain_weekend,holiday,1,0.6042,363
2025-05-17,5,5,dinner,rain_weekend,holiday,1,0.6876,413
2025-05-18,6,5,breakfast,post_holiday,holiday,0,0.3805,228
2025-05-18,6,5,lunch,post_holiday,holiday,0,0.5187,311
2025-05-18,6,5,dinner,post_holiday,holiday,0,0.7455,447
2025-05-19,0,5,breakfast,rain_weekend,holiday,1,0.1893,114
2025-05-19,0,5,lunch,rain_weekend,holiday,1,0.6208,372
2025-05-19,0,5,dinner,rain_weekend,holiday,1,0.6801,408
2025-05-20,1,5,breakfast,post_holiday,holiday,0,0.4178,251
2025-05-20,1,5,lunch,post_holiday,holiday,0,0.5376,323
2025-05-20,1,5,dinner,post_holiday,holiday,0,0.577,346
2025-05-21,2,5,breakfast,post_holiday,holiday,0,0.4025,242
2025-05-21,2,5,lunch,post_holiday,holiday,0,0.4869,292
2025-05-21,2,5,dinner,post_holiday,holiday,0,0.7234,434
2025-05-22,3,5,breakfast,post_holiday,holiday,0,0.383,230
2025-05-22,3,5,lunch,post_holiday,holiday,0,0.6106,366
2025-05-22,3,5,dinner,post_holiday,holiday,0,0.6414,385
2025-05-23,4,5,breakfast,post_holiday,holiday,0,0.3631,218
2025-05-23,4,5,lunch,post_holiday,holiday,0,0.5669,340
2025-05-23,4,5,dinner,post_holiday,holiday,0,0.6575,394
2025-05-24,5,5,breakfast,post_holiday,holiday,0,0.3591,215
2025-05-24,5,5,lunch,post_holiday,holiday,0,0.5473,328
2025-05-24,5,5,dinner,post_holiday,holiday,0,0.6298,378
2025-05-25,6,5,breakfast,post_holiday,holiday,0,0.3382,203
2025-05-25,6,5,lunch,post_holiday,holiday,0,0.5662,340
2025-05-25,6,5,dinner,post_holiday,holiday,0,0.5015,301
2025-05-26,0,5,breakfast,post_holiday,holiday,0,0.3687,221
2025-05-26,0,5,lunch,post_holiday,holiday,0,0.5984,359
2025-05-26,0,5,dinner,post_holiday,holiday,0,0.6083,365
2025-05-27,1,5,breakfast,post_holiday,holiday,0,0.3712,223
2025-05-27,1,5,lunch,post_holiday,holiday,0,0.5466,328
2025-05-27,1,5,dinner,post_holiday,holiday,0,0.6707,402
2025-05-28,2,5,breakfast,post_holiday,holiday,0,0.4139,248
2025-05-28,2,5,lunch,post_holiday,holiday,0,0.4986,299
2025-05-28,2,5,dinner,post_holiday,holiday,0,0.6483,389
2025-05-29,3,5,breakfast,post_holiday,holiday,0,0.4036,242
2025-05-29,3,5,lunch,post_holiday,holiday,0,0.6247,375
2025-05-29,3,5,dinner,post_holiday,holiday,0,0.5947,357
2025-05-30,4,5,breakfast,post_holiday,holiday,0,0.3528,212
2025-05-30,4,5,lunch,post_holiday,holiday,0,0.5703,342
2025-05-30,4,5,dinner,post_holiday,holiday,0,0.6586,395
2025-05-31,5,5,breakfast,post_holiday,holiday,0,0.3489,209
2025-05-31,5,5,lunch,post_holiday,holiday,0,0.5749,345
2025-05-31,5,5,dinner,post_holiday,holiday,0,0.5713,343
2025-06-01,6,6,breakfast,rain_weekend,holiday,1,0.2457,147
2025-06-01,6,6,lunch,rain_weekend,holiday,1,0.6176,371
2025-06-01,6,6,dinner,rain_weekend,holiday,1,0.6978,419
2025-06-02,0,6,breakfast,post_holiday,holiday,0,0.3278,197
2025-06-02,0,6,lunch,post_holiday,holiday,0,0.5155,309
2025-06-02,0,6,dinner,post_holiday,holiday,0,0.578,347
2025-06-03,1,6,breakfast,post_holiday,holiday,0,0.4362,262
2025-06-03,1,6,lunch,post_holiday,holiday,0,0.5535,332
2025-06-03,1,6,dinner,post_holiday,holiday,0,0.6526,392
2025-06-04,2,6,breakfast,post_holiday,holiday,0,0.378,227
2025-06-04,2,6,lunch,post_holiday,holiday,0,0.5835,350
2025-06-04,2,6,dinner,post_holiday,holiday,0,0.6317,379
2025-06-05,3,6,breakfast,post_holiday,holiday,0,0.3773,226
2025-06-05,3,6,lunch,post_holiday,holiday,0,0.5268,316
2025-06-05,3,6,dinner,post_holiday,holiday,0,0.562,337
2025-06-06,4,6,breakfast,rain_weekend,holiday,1,0.1958,117
2025-06-06,4,6,lunch,rain_weekend,holiday,1,0.6027,362
2025-06-06,4,6,dinner,rain_weekend,holiday,1,0.5981,359
2025-06-07,5,6,breakfast,rain_weekend,holiday,1,0.2009,121
2025-06-07,5,6,lunch,rain_weekend,holiday,1,0.4965,298
2025-06-07,5,6,dinner,rain_weekend,holiday,1,0.6179,371
2025-06-08,6,6,breakfast,rain_weekend,holiday,1,0.2062,124
2025-06-08,6,6,lunch,rain_weekend,holiday,1,0.5446,327
2025-06-08,6,6,dinner,rain_weekend,holiday,1,0.6751,405
2025-06-09,0,6,breakfast,post_holiday,holiday,0,0.4072,244
2025-06-09,0,6,lunch,post_holiday,holiday,0,0.5375,323
2025-06-09,0,6,dinner,post_holiday,holiday,0,0.6096,366
2025-06-10,1,6,breakfast,rain_weekend,holiday,1,0.2075,124
2025-06-10,1,6,lunch,rain_weekend,holiday,1,0.6094,366
2025-06-10,1,6,dinner,rain_weekend,holiday,1,0.7002,420
2025-06-11,2,6,breakfast,post_holiday,holiday,0,0.4084,245
2025-06-11,2,6,lunch,post_holiday,holiday,0,0.5458,327
2025-06-11,2,6,dinner,post_holiday,holiday,0,0.6731,404
2025-06-12,3,6,breakfast,rain_weekend,holiday,1,0.1871,112
2025-06-12,3,6,lunch,rain_weekend,holiday,1,0.5132,308
2025-06-12,3,6,dinner,rain_weekend,holiday,1,0.749,449
2025-06-13,4,6,breakfast,post_holiday,holiday,0,0.3308,198
2025-06-13,4,6,lunch,post_holiday,holiday,0,0.5107,306
2025-06-13,4,6,dinner,post_holiday,holiday,0,0.6724,403
2025-06-14,5,6,breakfast,post_holiday,holiday,0,0.3676,221
2025-06-14,5,6,lunch,post_holiday,holiday,0,0.6024,361
2025-06-14,5,6,dinner,post_holiday,holiday,0,0.5803,348
2025-06-15,6,6,breakfast,rain_weekend,holiday,1,0.2034,122
2025-06-15,6,6,lunch,rain_weekend,holiday,1,0.6187,371
2025-06-15,6,6,dinner,rain_weekend,holiday,1,0.6931,416
2025-06-16,0,6,breakfast,post_holiday,holiday,0,0.3894,234
2025-06-16,0,6,lunch,post_holiday,holiday,0,0.5629,338
2025-06-16,0,6,dinner,post_holiday,holiday,0,0.6202,372
2025-06-17,1,6,breakfast,post_holiday,holiday,0,0.3866,232
2025-06-17,1,6,lunch,post_holiday,holiday,0,0.551,331
2025-06-17,1,6,dinner,post_holiday,holiday,0,0.6725,403
2025-06-18,2,6,breakfast,rain_weekend,holiday,1,0.2007,120
2025-06-18,2,6,lunch,rain_weekend,holiday,1,0.5612,337
2025-06-18,2,6,dinner,rain_weekend,holiday,1,0.6703,402
2025-06-19,3,6,breakfast,post_holiday,holiday,0,0.3893,234
2025-06-19,3,6,lunch,post_holiday,holiday,0,0.6373,382
2025-06-19,3,6,dinner,post_holiday,holiday,0,0.6068,364
2025-06-20,4,6,breakfast,post_holiday,holiday,0,0.4161,250
2025-06-20,4,6,lunch,post_holiday,holiday,0,0.5459,328
2025-06-20,4,6,dinner,post_holiday,holiday,0,0.7518,451
2025-06-21,5,6,breakfast,post_holiday,holiday,0,0.3933,236
2025-06-21,5,6,lunch,post_holiday,holiday,0,0.5071,304
2025-06-21,5,6,dinner,post_holiday,holiday,0,0.6155,369
2025-06-22,6,6,breakfast,post_holiday,holiday,0,0.4093,246
2025-06-22,6,6,lunch,post_holiday,holiday,0,0.5555,333
2025-06-22,6,6,dinner,post_holiday,holiday,0,0.6971,418
2025-06-23,0,6,breakfast,rain_weekend,holiday,1,0.1947,117
2025-06-23,0,6,lunch,rain_weekend,holiday,1,0.7298,438
2025-06-23,0,6,dinner,rain_weekend,holiday,1,0.6877,413
2025-06-24,1,6,breakfast,post_holiday,holiday,0,0.362,217
2025-06-24,1,6,lunch,post_holiday,holiday,0,0.5008,300
2025-06-24,1,6,dinner,post_holiday,holiday,0,0.6808,408
2025-06-25,2,6,breakfast,rain_weekend,holiday,1,0.202,121
2025-06-25,2,6,lunch,rain_weekend,holiday,1,0.597,358
2025-06-25,2,6,dinner,rain_weekend,holiday,1,0.7057,423
2025-06-26,3,6,breakfast,rain_weekend,holiday,1,0.1828,110
2025-06-26,3,6,lunch,rain_weekend,holiday,1,0.6108,366
2025-06-26,3,6,dinner,rain_weekend,holiday,1,0.6987,419
2025-06-27,4,6,breakfast,rain_weekend,holiday,1,0.187,112
2025-06-27,4,6,lunch,rain_weekend,holiday,1,0.6325,380
2025-06-27,4,6,dinner,rain_weekend,holiday,1,0.627,376
2025-06-28,5,6,breakfast,rain_weekend,holiday,1,0.1849,111
2025-06-28,5,6,lunch,rain_weekend,holiday,1,0.6625,397
2025-06-28,5,6,dinner,rain_weekend,holiday,1,0.7004,420
2025-06-29,6,6,breakfast,post_holiday,holiday,0,0.4216,253
2025-06-29,6,6,lunch,post_holiday,holiday,0,0.6635,398
2025-06-29,6,6,dinner,post_holiday,holiday,0,0.5467,328
2025-06-30,0,6,breakfast,post_holiday,holiday,0,0.3644,219
2025-06-30,0,6,lunch,post_holiday,holiday,0,0.5048,303
2025-06-30,0,6,dinner,post_holiday,holiday,0,0.5787,347
2025-07-01,1,7,breakfast,post_holiday,holiday,0,0.346,208
2025-07-01,1,7,lunch,post_holiday,holiday,0,0.5562,334
2025-07-01,1,7,dinner,post_holiday,holiday,0,0.636,382
2025-07-02,2,7,breakfast,post_holiday,holiday,0,0.3989,239
2025-07-02,2,7,lunch,post_holiday,holiday,0,0.5678,341
2025-07-02,2,7,dinner,post_holiday,holiday,0,0.6144,369
2025-07-03,3,7,breakfast,rain_weekend,holiday,1,0.2038,122
2025-07-03,3,7,lunch,rain_weekend,holiday,1,0.5106,306
2025-07-03,3,7,dinner,rain_weekend,holiday,1,0.6132,368
2025-07-04,4,7,breakfast,post_holiday,holiday,0,0.3839,230
2025-07-04,4,7,lunch,post_holiday,holiday,0,0.5364,322
2025-07-04,4,7,dinner,post_holiday,holiday,0,0.6096,366
2025-07-05,5,7,breakfast,rain_weekend,holiday,1,0.2088,125
2025-07-05,5,7,lunch,rain_weekend,holiday,1,0.6349,381
2025-07-05,5,7,dinner,rain_weekend,holiday,1,0.617,370
2025-07-06,6,7,breakfast,rain_weekend,holiday,1,0.2006,120
2025-07-06,6,7,lunch,rain_weekend,holiday,1,0.6083,365
2025-07-06,6,7,dinner,rain_weekend,holiday,1,0.5677,341
2025-07-07,0,7,breakfast,rain_weekend,holiday,1,0.2002,120
2025-07-07,0,7,lunch,rain_weekend,holiday,1,0.5897,354
2025-07-07,0,7,dinner,rain_weekend,holiday,1,0.6233,374
2025-07-08,1,7,breakfast,post_holiday,holiday,0,0.3779,227
2025-07-08,1,7,lunch,post_holiday,holiday,0,0.5456,327
2025-07-08,1,7,dinner,post_holiday,holiday,0,0.664,398
2025-07-09,2,7,breakfast,post_holiday,holiday,0,0.3743,225
2025-07-09,2,7,lunch,post_holiday,holiday,0,0.5219,313
2025-07-09,2,7,dinner,post_holiday,holiday,0,0.6555,393
2025-07-10,3,7,breakfast,rain_weekend,holiday,1,0.1931,116
2025-07-10,3,7,lunch,rain_weekend,holiday,1,0.6379,383
2025-07-10,3,7,dinner,rain_weekend,holiday,1,0.7189,431
2025-07-11,4,7,breakfast,post_holiday,holiday,0,0.4379,263
2025-07-11,4,7,lunch,post_holiday,holiday,0,0.5041,302
2025-07-11,4,7,dinner,post_holiday,holiday,0,0.634,380
2025-07-12,5,7,breakfast,post_holiday,holiday,0,0.3803,228
2025-07-12,5,7,lunch,post_holiday,holiday,0,0.5135,308
2025-07-12,5,7,dinner,post_holiday,holiday,0,0.5581,335
2025-07-13,6,7,breakfast,post_holiday,holiday,0,0.3598,216
2025-07-13,6,7,lunch,post_holiday,holiday,0,0.5454,327
2025-07-13,6,7,dinner,post_holiday,holiday,0,0.5931,356
2025-07-14,0,7,breakfast,post_holiday,holiday,0,0.3905,234
2025-07-14,0,7,lunch,post_holiday,holiday,0,0.5482,329
2025-07-14,0,7,dinner,post_holiday,holiday,0,0.6627,398
2025-07-15,1,7,breakfast,post_holiday,holiday,0,0.3918,235
2025-07-15,1,7,lunch,post_holiday,holiday,0,0.5627,338
2025-07-15,1,7,dinner,post_holiday,holiday,0,0.5787,347
2025-07-16,2,7,breakfast,rain_weekend,holiday,1,0.2253,135
2025-07-16,2,7,lunch,rain_weekend,holiday,1,0.5557,333
2025-07-16,2,7,dinner,rain_weekend,holiday,1,0.611,367
2025-07-17,3,7,breakfast,post_holiday,holiday,0,0.3806,228
2025-07-17,3,7,lunch,post_holiday,holiday,0,0.5026,302
2025-07-17,3,7,dinner,post_holiday,holiday,0,0.6179,371
2025-07-18,4,7,breakfast,post_holiday,holiday,0,0.3586,215
2025-07-18,4,7,lunch,post_holiday,holiday,0,0.4813,289
2025-07-18,4,7,dinner,post_holiday,holiday,0,0.6811,409
2025-07-19,5,7,breakfast,rain_weekend,holiday,1,0.1901,114
2025-07-19,5,7,lunch,rain_weekend,holiday,1,0.5241,314
2025-07-19,5,7,dinner,rain_weekend,holiday,1,0.627,376
2025-07-20,6,7,breakfast,rain_weekend,holiday,1,0.2187,131
2025-07-20,6,7,lunch,rain_weekend,holiday,1,0.5502,330
2025-07-20,6,7,dinner,rain_weekend,holiday,1,0.6622,397
2025-07-21,0,7,breakfast,post_holiday,holiday,0,0.3103,186
2025-07-21,0,7,lunch,post_holiday,holiday,0,0.5865,352
2025-07-21,0,7,dinner,post_holiday,holiday,0,0.5734,344
2025-07-22,1,7,breakfast,post_holiday,holiday,0,0.3909,235
2025-07-22,1,7,lunch,post_holiday,holiday,0,0.5887,353
2025-07-22,1,7,dinner,post_holiday,holiday,0,0.6612,397
2025-07-23,2,7,breakfast,post_holiday,holiday,0,0.3593,216
2025-07-23,2,7,lunch,post_holiday,holiday,0,0.5477,329
2025-07-23,2,7,dinner,post_holiday,holiday,0,0.6235,374
2025-07-24,3,7,breakfast,rain_weekend,holiday,1,0.2126,128
2025-07-24,3,7,lunch,rain_weekend,holiday,1,0.6292,378
2025-07-24,3,7,dinner,rain_weekend,holiday,1,0.6552,393
2025-07-25,4,7,breakfast,post_holiday,holiday,0,0.3694,222
2025-07-25,4,7,lunch,post_holiday,holiday,0,0.5597,336
2025-07-25,4,7,dinner,post_holiday,holiday,0,0.5781,347
2025-07-26,5,7,breakfast,post_holiday,holiday,0,0.4112,247
2025-07-26,5,7,lunch,post_holiday,holiday,0,0.5472,328
2025-07-26,5,7,dinner,post_holiday,holiday,0,0.4781,287
2025-07-27,6,7,breakfast,rain_weekend,holiday,1,0.2302,138
2025-07-27,6,7,lunch,rain_weekend,holiday,1,0.5738,344
2025-07-27,6,7,dinner,rain_weekend,holiday,1,0.5608,337
2025-07-28,0,7,breakfast,post_holiday,holiday,0,0.3837,230
2025-07-28,0,7,lunch,post_holiday,holiday,0,0.5895,354
2025-07-28,0,7,dinner,post_holiday,holiday,0,0.6474,388
2025-07-29,1,7,breakfast,post_holiday,holiday,0,0.3945,237
2025-07-29,1,7,lunch,post_holiday,holiday,0,0.5719,343
2025-07-29,1,7,dinner,post_holiday,holiday,0,0.7487,449
2025-07-30,2,7,breakfast,post_holiday,holiday,0,0.3349,201
2025-07-30,2,7,lunch,post_holiday,holiday,0,0.561,337
2025-07-30,2,7,dinner,post_holiday,holiday,0,0.6912,415
2025-07-31,3,7,breakfast,post_holiday,holiday,0,0.3703,222
2025-07-31,3,7,lunch,post_holiday,holiday,0,0.5921,355
2025-07-31,3,7,dinner,post_holiday,holiday,0,0.6803,408
2025-08-01,4,8,breakfast,baseline,,0,0.423,254
2025-08-01,4,8,lunch,baseline,,0,0.6076,365
2025-08-01,4,8,dinner,baseline,,0,0.7316,439
2025-08-02,5,8,breakfast,rain_weekend,,1,0.1858,111
2025-08-02,5,8,lunch,rain_weekend,,1,0.4674,280
2025-08-02,5,8,dinner,rain_weekend,,1,0.6435,386
2025-08-03,6,8,breakfast,best_menu,,0,0.5123,307
2025-08-03,6,8,lunch,best_menu,,0,0.9239,554
2025-08-03,6,8,dinner,best_menu,,0,0.901,541
2025-08-04,0,8,breakfast,baseline,,0,0.4594,276
2025-08-04,0,8,lunch,baseline,,0,0.6752,405
2025-08-04,0,8,dinner,baseline,,0,0.7668,460
2025-08-05,1,8,breakfast,baseline,,0,0.452,271
2025-08-05,1,8,lunch,baseline,,0,0.6585,395
2025-08-05,1,8,dinner,baseline,,0,0.772,463
2025-08-06,2,8,breakfast,rain,,1,0.3269,196
2025-08-06,2,8,lunch,rain,,1,0.6287,377
2025-08-06,2,8,dinner,rain,,1,0.6196,372
2025-08-07,3,8,breakfast,baseline,,0,0.4953,297
2025-08-07,3,8,lunch,baseline,,0,0.6911,415
2025-08-07,3,8,dinner,baseline,,0,0.7507,450
2025-08-08,4,8,breakfast,rain,,1,0.3298,198
2025-08-08,4,8,lunch,rain,,1,0.4386,263
2025-08-08,4,8,dinner,rain,,1,0.7078,425
2025-08-09,5,8,breakfast,rain_weekend,,1,0.216,130
2025-08-09,5,8,lunch,rain_weekend,,1,0.5567,334
2025-08-09,5,8,dinner,rain_weekend,,1,0.5839,350
2025-08-10,6,8,breakfast,rain_weekend,,1,0.1995,120
2025-08-10,6,8,lunch,rain_weekend,,1,0.5764,346
2025-08-10,6,8,dinner,rain_weekend,,1,0.6712,403
2025-08-11,0,8,breakfast,baseline,,0,0.48,288
2025-08-11,0,8,lunch,baseline,,0,0.6865,412
2025-08-11,0,8,dinner,baseline,,0,0.8006,480
2025-08-12,1,8,breakfast,baseline,,0,0.4432,266
2025-08-12,1,8,lunch,baseline,,0,0.5292,318
2025-08-12,1,8,dinner,baseline,,0,0.7387,443
2025-08-13,2,8,breakfast,baseline,,0,0.4151,249
2025-08-13,2,8,lunch,baseline,,0,0.6244,375
2025-08-13,2,8,dinner,baseline,,0,0.7085,425
2025-08-14,3,8,breakfast,rain,pre_holiday,1,0.3357,201
2025-08-14,3,8,lunch,rain,pre_holiday,1,0.5611,337
2025-08-14,3,8,dinner,rain,pre_holiday,1,0.6648,399
2025-08-15,4,8,breakfast,post_holiday,holiday,0,0.3894,234
2025-08-15,4,8,lunch,post_holiday,holiday,0,0.4903,294
2025-08-15,4,8,dinner,post_holiday,holiday,0,0.5226,314
2025-08-16,5,8,breakfast,post_holiday,post_holiday,0,0.3933,236
2025-08-16,5,8,lunch,post_holiday,post_holiday,0,0.5941,356
2025-08-16,5,8,dinner,post_holiday,post_holiday,0,0.7129,428
2025-08-17,6,8,breakfast,best_menu,,0,0.4908,294
2025-08-17,6,8,lunch,best_menu,,0,0.7775,466
2025-08-17,6,8,dinner,best_menu,,0,0.9346,561
2025-08-18,0,8,breakfast,baseline,,0,0.5033,302
2025-08-18,0,8,lunch,baseline,,0,0.69,414
2025-08-18,0,8,dinner,baseline,,0,0.7267,436
2025-08-19,1,8,breakfast,rain,,1,0.3367,202
2025-08-19,1,8,lunch,rain,,1,0.4864,292
2025-08-19,1,8,dinner,rain,,1,0.6213,373
2025-08-20,2,8,breakfast,baseline,,0,0.5073,304
2025-08-20,2,8,lunch,baseline,,0,0.6154,369
2025-08-20,2,8,dinner,baseline,,0,0.6036,362
2025-08-21,3,8,breakfast,rain,,1,0.299,179
2025-08-21,3,8,lunch,rain,,1,0.5352,321
2025-08-21,3,8,dinner,rain,,1,0.6289,377
2025-08-22,4,8,breakfast,baseline,,0,0.4785,287
2025-08-22,4,8,lunch,baseline,,0,0.5557,333
2025-08-22,4,8,dinner,baseline,,0,0.719,431
2025-08-23,5,8,breakfast,weekend,,0,0.2853,171
2025-08-23,5,8,lunch,weekend,,0,0.6099,366
2025-08-23,5,8,dinner,weekend,,0,0.8252,495
2025-08-24,6,8,breakfast,best_menu,,0,0.5314,319
2025-08-24,6,8,lunch,best_menu,,0,0.6745,405
2025-08-24,6,8,dinner,best_menu,,0,0.9508,570
2025-08-25,0,8,breakfast,rain,,1,0.3245,195
2025-08-25,0,8,lunch,rain,,1,0.4955,297
2025-08-25,0,8,dinner,rain,,1,0.5746,345
2025-08-26,1,8,breakfast,rain,,1,0.312,187
2025-08-26,1,8,lunch,rain,,1,0.5058,304
2025-08-26,1,8,dinner,rain,,1,0.6632,398
2025-08-27,2,8,breakfast,baseline,,0,0.4853,291
2025-08-27,2,8,lunch,baseline,,0,0.6476,389
2025-08-27,2,8,dinner,baseline,,0,0.7081,425
2025-08-28,3,8,breakfast,baseline,,0,0.4707,282
2025-08-28,3,8,lunch,baseline,,0,0.5895,354
2025-08-28,3,8,dinner,baseline,,0,0.6512,391
2025-08-29,4,8,breakfast,rain,,1,0.3077,185
2025-08-29,4,8,lunch,rain,,1,0.4321,259
2025-08-29,4,8,dinner,rain,,1,0.6062,364
2025-08-30,5,8,breakfast,rain_weekend,,1,0.2252,135
2025-08-30,5,8,lunch,rain_weekend,,1,0.5183,311
2025-08-30,5,8,dinner,rain_weekend,,1,0.5898,354
2025-08-31,6,8,breakfast,best_menu,,0,0.5912,355
2025-08-31,6,8,lunch,best_menu,,0,0.7523,451
2025-08-31,6,8,dinner,best_menu,,0,0.8545,513
2025-09-01,0,9,breakfast,baseline,,0,0.3662,220
2025-09-01,0,9,lunch,baseline,,0,0.539,323
2025-09-01,0,9,dinner,baseline,,0,0.7332,440
2025-09-02,1,9,breakfast,rain,,1,0.3056,183
2025-09-02,1,9,lunch,rain,,1,0.5376,323
2025-09-02,1,9,dinner,rain,,1,0.6908,414
2025-09-03,2,9,breakfast,rain,,1,0.3021,181
2025-09-03,2,9,lunch,rain,,1,0.5326,320
2025-09-03,2,9,dinner,rain,,1,0.7257,435
2025-09-04,3,9,breakfast,rain,,1,0.3427,206
2025-09-04,3,9,lunch,rain,,1,0.4899,294
2025-09-04,3,9,dinner,rain,,1,0.6385,383
2025-09-05,4,9,breakfast,baseline,,0,0.4155,249
2025-09-05,4,9,lunch,baseline,,0,0.5835,350
2025-09-05,4,9,dinner,baseline,,0,0.7666,460
2025-09-06,5,9,breakfast,rain_weekend,,1,0.1979,119
2025-09-06,5,9,lunch,rain_weekend,,1,0.6034,362
2025-09-06,5,9,dinner,rain_weekend,,1,0.6971,418
2025-09-07,6,9,breakfast,best_menu,,0,0.5649,339
2025-09-07,6,9,lunch,best_menu,,0,0.8524,511
2025-09-07,6,9,dinner,best_menu,,0,1.0,600
2025-09-08,0,9,breakfast,rain,,1,0.3051,183
2025-09-08,0,9,lunch,rain,,1,0.5661,340
2025-09-08,0,9,dinner,rain,,1,0.6748,405
2025-09-09,1,9,breakfast,rain,,1,0.3065,184
2025-09-09,1,9,lunch,rain,,1,0.5564,334
2025-09-09,1,9,dinner,rain,,1,0.5914,355
2025-09-10,2,9,breakfast,exam,exam,0,0.6547,393
2025-09-10,2,9,lunch,exam,exam,0,0.7918,475
2025-09-10,2,9,dinner,exam,exam,0,0.8247,495
2025-09-11,3,9,breakfast,rain_exam,exam,1,0.4939,296
2025-09-11,3,9,lunch,rain_exam,exam,1,0.5995,360
2025-09-11,3,9,dinner,rain_exam,exam,1,0.6563,394
2025-09-12,4,9,breakfast,rain_exam,exam,1,0.5279,317
2025-09-12,4,9,lunch,rain_exam,exam,1,0.6292,378
2025-09-12,4,9,dinner,rain_exam,exam,1,0.6879,413
2025-09-13,5,9,breakfast,rain_exam,exam,1,0.6451,387
2025-09-13,5,9,lunch,rain_exam,exam,1,0.702,421
2025-09-13,5,9,dinner,rain_exam,exam,1,0.7343,441
2025-09-14,6,9,breakfast,exam,exam,0,0.6275,376
2025-09-14,6,9,lunch,exam,exam,0,0.7526,452
2025-09-14,6,9,dinner,exam,exam,0,0.9072,544
2025-09-15,0,9,breakfast,exam,exam,0,0.6519,391
2025-09-15,0,9,lunch,exam,exam,0,0.6141,368
2025-09-15,0,9,dinner,exam,exam,0,0.8813,529
2025-09-16,1,9,breakfast,exam,exam,0,0.6354,381
2025-09-16,1,9,lunch,exam,exam,0,0.8399,504
2025-09-16,1,9,dinner,exam,exam,0,0.8056,483
2025-09-17,2,9,breakfast,exam,exam,0,0.6481,389
2025-09-17,2,9,lunch,exam,exam,0,0.7274,436
2025-09-17,2,9,dinner,exam,exam,0,0.8587,515
2025-09-18,3,9,breakfast,exam,exam,0,0.6941,416
2025-09-18,3,9,lunch,exam,exam,0,0.8142,488
2025-09-18,3,9,dinner,exam,exam,0,0.8665,520
2025-09-19,4,9,breakfast,exam,exam,0,0.6135,368
2025-09-19,4,9,lunch,exam,exam,0,0.7783,467
2025-09-19,4,9,dinner,exam,exam,0,0.8138,488
2025-09-20,5,9,breakfast,exam,exam,0,0.765,459
2025-09-20,5,9,lunch,exam,exam,0,0.7262,436
2025-09-20,5,9,dinner,exam,exam,0,0.7147,429
2025-09-21,6,9,breakfast,rain_weekend,,1,0.2197,132
2025-09-21,6,9,lunch,rain_weekend,,1,0.6265,376
2025-09-21,6,9,dinner,rain_weekend,,1,0.6799,408
2025-09-22,0,9,breakfast,baseline,,0,0.4674,280
2025-09-22,0,9,lunch,baseline,,0,0.695,417
2025-09-22,0,9,dinner,baseline,,0,0.8052,483
2025-09-23,1,9,breakfast,baseline,,0,0.4629,278
2025-09-23,1,9,lunch,baseline,,0,0.6792,408
2025-09-23,1,9,dinner,baseline,,0,0.7316,439
2025-09-24,2,9,breakfast,rain,,1,0.3599,216
2025-09-24,2,9,lunch,rain,,1,0.5426,326
2025-09-24,2,9,dinner,rain,,1,0.6741,404
2025-09-25,3,9,breakfast,rain,,1,0.3018,181
2025-09-25,3,9,lunch,rain,,1,0.5338,320
2025-09-25,3,9,dinner,rain,,1,0.7061,424
2025-09-26,4,9,breakfast,baseline,,0,0.3884,233
2025-09-26,4,9,lunch,baseline,,0,0.6224,373
2025-09-26,4,9,dinner,baseline,,0,0.8569,514
2025-09-27,5,9,breakfast,rain_weekend,,1,0.2087,125
2025-09-27,5,9,lunch,rain_weekend,,1,0.5897,354
2025-09-27,5,9,dinner,rain_weekend,,1,0.5706,342
2025-09-28,6,9,breakfast,rain_weekend,,1,0.2109,127
2025-09-28,6,9,lunch,rain_weekend,,1,0.5966,358
2025-09-28,6,9,dinner,rain_weekend,,1,0.6469,388
2025-09-29,0,9,breakfast,rain,,1,0.3029,182
2025-09-29,0,9,lunch,rain,,1,0.5823,349
2025-09-29,0,9,dinner,rain,,1,0.6608,396
2025-09-30,1,9,breakfast,baseline,,0,0.4552,273
2025-09-30,1,9,lunch,baseline,,0,0.6245,375
2025-09-30,1,9,dinner,baseline,,0,0.8127,488
2025-10-01,2,10,breakfast,pre_holiday,pre_holiday,0,0.3626,218
2025-10-01,2,10,lunch,pre_holiday,pre_holiday,0,0.4371,262
2025-10-01,2,10,dinner,pre_holiday,pre_holiday,0,0.5515,331
2025-10-02,3,10,breakfast,post_holiday,holiday,0,0.3958,238
2025-10-02,3,10,lunch,post_holiday,holiday,0,0.5278,317
2025-10-02,3,10,dinner,post_holiday,holiday,0,0.6732,404
2025-10-03,4,10,breakfast,post_holiday,post_holiday,0,0.3684,221
2025-10-03,4,10,lunch,post_holiday,post_holiday,0,0.5282,317
2025-10-03,4,10,dinner,post_holiday,post_holiday,0,0.7357,441
2025-10-04,5,10,breakfast,weekend,,0,0.312,187
2025-10-04,5,10,lunch,weekend,,0,0.606,364
2025-10-04,5,10,dinner,weekend,,0,0.7766,466
2025-10-05,6,10,breakfast,best_menu,,0,0.4444,267
2025-10-05,6,10,lunch,best_menu,,0,0.8249,495
2025-10-05,6,10,dinner,best_menu,,0,0.8726,524
2025-10-06,0,10,breakfast,baseline,,0,0.4802,288
2025-10-06,0,10,lunch,baseline,,0,0.706,424
2025-10-06,0,10,dinner,baseline,,0,0.8394,504
2025-10-07,1,10,breakfast,baseline,,0,0.4517,271
2025-10-07,1,10,lunch,baseline,,0,0.7006,420
2025-10-07,1,10,dinner,baseline,,0,0.8509,511
2025-10-08,2,10,breakfast,baseline,,0,0.4161,250
2025-10-08,2,10,lunch,baseline,,0,0.6435,386
2025-10-08,2,10,dinner,baseline,,0,0.7764,466
2025-10-09,3,10,breakfast,baseline,,0,0.4669,280
2025-10-09,3,10,lunch,baseline,,0,0.7485,449
2025-10-09,3,10,dinner,baseline,,0,0.7884,473
2025-10-10,4,10,breakfast,baseline,,0,0.4566,274
2025-10-10,4,10,lunch,baseline,,0,0.6296,378
2025-10-10,4,10,dinner,baseline,,0,0.7729,464
2025-10-11,5,10,breakfast,weekend,,0,0.2769,166
2025-10-11,5,10,lunch,weekend,,0,0.7709,463
2025-10-11,5,10,dinner,weekend,,0,0.8693,522
2025-10-12,6,10,breakfast,best_menu,,0,0.5746,345
2025-10-12,6,10,lunch,best_menu,,0,0.7944,477
2025-10-12,6,10,dinner,best_menu,,0,0.9245,555
2025-10-13,0,10,breakfast,baseline,,0,0.4858,291
2025-10-13,0,10,lunch,baseline,,0,0.6375,383
2025-10-13,0,10,dinner,baseline,,0,0.8346,501
2025-10-14,1,10,breakfast,baseline,,0,0.4725,283
2025-10-14,1,10,lunch,baseline,,0,0.5911,355
2025-10-14,1,10,dinner,baseline,,0,0.8795,528
2025-10-15,2,10,breakfast,baseline,,0,0.4757,285
2025-10-15,2,10,lunch,baseline,,0,0.5519,331
2025-10-15,2,10,dinner,baseline,,0,0.7006,420
2025-10-16,3,10,breakfast,baseline,,0,0.4603,276
2025-10-16,3,10,lunch,baseline,,0,0.5364,322
2025-10-16,3,10,dinner,baseline,,0,0.8123,487
2025-10-17,4,10,breakfast,baseline,,0,0.5008,300
2025-10-17,4,10,lunch,baseline,,0,0.6289,377
2025-10-17,4,10,dinner,baseline,,0,0.7623,457
2025-10-18,5,10,breakfast,weekend,,0,0.2785,167
2025-10-18,5,10,lunch,weekend,,0,0.6444,387
2025-10-18,5,10,dinner,weekend,,0,0.771,463
2025-10-19,6,10,breakfast,best_menu,,0,0.4765,286
2025-10-19,6,10,lunch,best_menu,,0,0.6932,416
2025-10-19,6,10,dinner,best_menu,,0,0.9593,576
2025-10-20,0,10,breakfast,baseline,,0,0.4359,262
2025-10-20,0,10,lunch,baseline,,0,0.5393,324
2025-10-20,0,10,dinner,baseline,,0,0.7093,426
2025-10-21,1,10,breakfast,baseline,,0,0.4835,290
2025-10-21,1,10,lunch,baseline,,0,0.5943,357
2025-10-21,1,10,dinner,baseline,,0,0.8494,510
2025-10-22,2,10,breakfast,baseline,,0,0.4254,255
2025-10-22,2,10,lunch,baseline,,0,0.7112,427
2025-10-22,2,10,dinner,baseline,,0,0.7627,458
2025-10-23,3,10,breakfast,baseline,,0,0.4444,267
2025-10-23,3,10,lunch,baseline,,0,0.7019,421
2025-10-23,3,10,dinner,baseline,,0,0.838,503
2025-10-24,4,10,breakfast,baseline,,0,0.4485,269
2025-10-24,4,10,lunch,baseline,,0,0.6379,383
2025-10-24,4,10,dinner,baseline,,0,0.6908,414
2025-10-25,5,10,breakfast,weekend,,0,0.3001,180
2025-10-25,5,10,lunch,weekend,,0,0.7639,458
2025-10-25,5,10,dinner,weekend,,0,0.859,515
2025-10-26,6,10,breakfast,rain_weekend,,1,0.1966,118
2025-10-26,6,10,lunch,rain_weekend,,1,0.6319,379
2025-10-26,6,10,dinner,rain_weekend,,1,0.6355,381
2025-10-27,0,10,breakfast,baseline,,0,0.4468,268
2025-10-27,0,10,lunch,baseline,,0,0.5842,351
2025-10-27,0,10,dinner,baseline,,0,0.6926,416
2025-10-28,1,10,breakfast,baseline,,0,0.4444,267
2025-10-28,1,10,lunch,baseline,,0,0.7164,430
2025-10-28,1,10,dinner,baseline,,0,0.7192,432
2025-10-29,2,10,breakfast,baseline,,0,0.5361,322
2025-10-29,2,10,lunch,baseline,,0,0.5798,348
2025-10-29,2,10,dinner,baseline,,0,0.6361,382
2025-10-30,3,10,breakfast,baseline,,0,0.4202,252
2025-10-30,3,10,lunch,baseline,,0,0.6323,379
2025-10-30,3,10,dinner,baseline,,0,0.7148,429
2025-10-31,4,10,breakfast,rain,,1,0.2926,176
2025-10-31,4,10,lunch,rain,,1,0.5257,315
2025-10-31,4,10,dinner,rain,,1,0.6561,394
2025-11-01,5,11,breakfast,weekend,,0,0.2832,170
2025-11-01,5,11,lunch,weekend,,0,0.6805,408
2025-11-01,5,11,dinner,weekend,,0,0.6938,416
2025-11-02,6,11,breakfast,best_menu,,0,0.5384,323
2025-11-02,6,11,lunch,best_menu,,0,0.7744,465
2025-11-02,6,11,dinner,best_menu,,0,0.8805,528
2025-11-03,0,11,breakfast,rain,,1,0.3001,180
2025-11-03,0,11,lunch,rain,,1,0.5628,338
2025-11-03,0,11,dinner,rain,,1,0.7061,424
2025-11-04,1,11,breakfast,baseline,,0,0.4675,280
2025-11-04,1,11,lunch,baseline,,0,0.6212,373
2025-11-04,1,11,dinner,baseline,,0,0.7719,463
2025-11-05,2,11,breakfast,baseline,,0,0.4683,281
2025-11-05,2,11,lunch,baseline,,0,0.5435,326
2025-11-05,2,11,dinner,baseline,,0,0.7772,466
2025-11-06,3,11,breakfast,baseline,,0,0.442,265
2025-11-06,3,11,lunch,baseline,,0,0.6838,410
2025-11-06,3,11,dinner,baseline,,0,0.7086,425
2025-11-07,4,11,breakfast,baseline,,0,0.4551,273
2025-11-07,4,11,lunch,baseline,,0,0.5443,327
2025-11-07,4,11,dinner,baseline,,0,0.7356,441
2025-11-08,5,11,breakfast,weekend,,0,0.2542,152
2025-11-08,5,11,lunch,weekend,,0,0.6283,377
2025-11-08,5,11,dinner,weekend,,0,0.7187,431
2025-11-09,6,11,breakfast,best_menu,,0,0.5177,311
2025-11-09,6,11,lunch,best_menu,,0,0.8895,534
2025-11-09,6,11,dinner,best_menu,,0,0.9687,581
2025-11-10,0,11,breakfast,baseline,,0,0.4552,273
2025-11-10,0,11,lunch,baseline,,0,0.6533,392
2025-11-10,0,11,dinner,baseline,,0,0.6983,419
2025-11-11,1,11,breakfast,baseline,,0,0.41,246
2025-11-11,1,11,lunch,baseline,,0,0.6757,405
2025-11-11,1,11,dinner,baseline,,0,0.8212,493
2025-11-12,2,11,breakfast,baseline,,0,0.4437,266
2025-11-12,2,11,lunch,baseline,,0,0.6536,392
2025-11-12,2,11,dinner,baseline,,0,0.5783,347
2025-11-13,3,11,breakfast,baseline,,0,0.4459,268
2025-11-13,3,11,lunch,baseline,,0,0.6308,378
2025-11-13,3,11,dinner,baseline,,0,0.7924,475
2025-11-14,4,11,breakfast,baseline,,0,0.409,245
2025-11-14,4,11,lunch,baseline,,0,0.6262,376
2025-11-14,4,11,dinner,baseline,,0,0.7541,452
2025-11-15,5,11,breakfast,weekend,,0,0.3039,182
2025-11-15,5,11,lunch,weekend,,0,0.7582,455
2025-11-15,5,11,dinner,weekend,,0,0.7153,429
2025-11-16,6,11,breakfast,best_menu,,0,0.5884,353
2025-11-16,6,11,lunch,best_menu,,0,0.689,413
2025-11-16,6,11,dinner,best_menu,,0,0.9129,548
2025-11-17,0,11,breakfast,baseline,,0,0.4367,262
2025-11-17,0,11,lunch,baseline,,0,0.5875,352
2025-11-17,0,11,dinner,baseline,,0,0.7398,444
2025-11-18,1,11,breakfast,exam,exam,0,0.5842,351
2025-11-18,1,11,lunch,exam,exam,0,0.6647,399
2025-11-18,1,11,dinner,exam,exam,0,0.7764,466
2025-11-19,2,11,breakfast,exam,exam,0,0.626,376
2025-11-19,2,11,lunch,exam,exam,0,0.7318,439
2025-11-19,2,11,dinner,exam,exam,0,0.8387,503
2025-11-20,3,11,breakfast,exam,exam,0,0.6378,383
2025-11-20,3,11,lunch,exam,exam,0,0.8776,527
2025-11-20,3,11,dinner,exam,exam,0,0.9632,578
2025-11-21,4,11,breakfast,exam,exam,0,0.6837,410
2025-11-21,4,11,lunch,exam,exam,0,0.6846,411
2025-11-21,4,11,dinner,exam,exam,0,0.7435,446
2025-11-22,5,11,breakfast,exam,exam,0,0.7103,426
2025-11-22,5,11,lunch,exam,exam,0,0.7947,477
2025-11-22,5,11,dinner,exam,exam,0,0.8341,500
2025-11-23,6,11,breakfast,rain_exam,exam,1,0.6183,371
2025-11-23,6,11,lunch,rain_exam,exam,1,0.6875,413
2025-11-23,6,11,dinner,rain_exam,exam,1,0.7102,426
2025-11-24,0,11,breakfast,exam,exam,0,0.6559,394
2025-11-24,0,11,lunch,exam,exam,0,0.7966,478
2025-11-24,0,11,dinner,exam,exam,0,0.7836,470
2025-11-25,1,11,breakfast,exam,exam,0,0.6672,400
2025-11-25,1,11,lunch,exam,exam,0,0.7773,466
2025-11-25,1,11,dinner,exam,exam,0,0.9271,556
2025-11-26,2,11,breakfast,exam,exam,0,0.5659,340
2025-11-26,2,11,lunch,exam,exam,0,0.702,421
2025-11-26,2,11,dinner,exam,exam,0,0.9283,557
2025-11-27,3,11,breakfast,exam,exam,0,0.6139,368
2025-11-27,3,11,lunch,exam,exam,0,0.6265,376
2025-11-27,3,11,dinner,exam,exam,0,0.9882,593
2025-11-28,4,11,breakfast,exam,exam,0,0.69,414
2025-11-28,4,11,lunch,exam,exam,0,0.7901,474
2025-11-28,4,11,dinner,exam,exam,0,0.9067,544
2025-11-29,5,11,breakfast,exam,exam,0,0.6415,385
2025-11-29,5,11,lunch,exam,exam,0,0.7082,425
2025-11-29,5,11,dinner,exam,exam,0,1.0,600
2025-11-30,6,11,breakfast,rain_weekend,,1,0.1926,116
2025-11-30,6,11,lunch,rain_weekend,,1,0.6223,373
2025-11-30,6,11,dinner,rain_weekend,,1,0.6128,368
2025-12-01,0,12,breakfast,baseline,,0,0.4262,256
2025-12-01,0,12,lunch,baseline,,0,0.6587,395
2025-12-01,0,12,dinner,baseline,,0,0.814,488
2025-12-02,1,12,breakfast,baseline,,0,0.4534,272
2025-12-02,1,12,lunch,baseline,,0,0.6339,380
2025-12-02,1,12,dinner,baseline,,0,0.7466,448
2025-12-03,2,12,breakfast,baseline,,0,0.4338,260
2025-12-03,2,12,lunch,baseline,,0,0.7083,425
2025-12-03,2,12,dinner,baseline,,0,0.7435,446
2025-12-04,3,12,breakfast,baseline,,0,0.4314,259
2025-12-04,3,12,lunch,baseline,,0,0.6891,413
2025-12-04,3,12,dinner,baseline,,0,0.7905,474
2025-12-05,4,12,breakfast,baseline,,0,0.4407,264
2025-12-05,4,12,lunch,baseline,,0,0.6624,397
2025-12-05,4,12,dinner,baseline,,0,0.7114,427
2025-12-06,5,12,breakfast,weekend,,0,0.3233,194
2025-12-06,5,12,lunch,weekend,,0,0.749,449
2025-12-06,5,12,dinner,weekend,,0,0.7218,433
2025-12-07,6,12,breakfast,best_menu,,0,0.538,323
2025-12-07,6,12,lunch,best_menu,,0,0.9105,546
2025-12-07,6,12,dinner,best_menu,,0,0.7621,457
2025-12-08,0,12,breakfast,rain,,1,0.2818,169
2025-12-08,0,12,lunch,rain,,1,0.5063,304
2025-12-08,0,12,dinner,rain,,1,0.6149,369
2025-12-09,1,12,breakfast,baseline,,0,0.4308,258
2025-12-09,1,12,lunch,baseline,,0,0.6337,380
2025-12-09,1,12,dinner,baseline,,0,0.7179,431
2025-12-10,2,12,breakfast,baseline,,0,0.4781,287
2025-12-10,2,12,lunch,baseline,,0,0.6715,403
2025-12-10,2,12,dinner,baseline,,0,0.8006,480
2025-12-11,3,12,breakfast,baseline,,0,0.4608,276
2025-12-11,3,12,lunch,baseline,,0,0.6676,401
2025-12-11,3,12,dinner,baseline,,0,0.6881,413
2025-12-12,4,12,breakfast,baseline,,0,0.4458,267
2025-12-12,4,12,lunch,baseline,,0,0.7267,436
2025-12-12,4,12,dinner,baseline,,0,0.8655,519
2025-12-13,5,12,breakfast,weekend,,0,0.3599,216
2025-12-13,5,12,lunch,weekend,,0,0.6487,389
2025-12-13,5,12,dinner,weekend,,0,0.8448,507
2025-12-14,6,12,breakfast,best_menu,,0,0.4909,295
2025-12-14,6,12,lunch,best_menu,,0,0.8316,499
2025-12-14,6,12,dinner,best_menu,,0,0.8923,535
2025-12-15,0,12,breakfast,post_holiday,holiday,0,0.3904,234
2025-12-15,0,12,lunch,post_holiday,holiday,0,0.5935,356
2025-12-15,0,12,dinner,post_holiday,holiday,0,0.6372,382
2025-12-16,1,12,breakfast,post_holiday,holiday,0,0.4169,250
2025-12-16,1,12,lunch,post_holiday,holiday,0,0.5668,340
2025-12-16,1,12,dinner,post_holiday,holiday,0,0.6704,402
2025-12-17,2,12,breakfast,post_holiday,holiday,0,0.3513,211
2025-12-17,2,12,lunch,post_holiday,holiday,0,0.5171,310
2025-12-17,2,12,dinner,post_holiday,holiday,0,0.6019,361
2025-12-18,3,12,breakfast,post_holiday,holiday,0,0.4133,248
2025-12-18,3,12,lunch,post_holiday,holiday,0,0.5349,321
2025-12-18,3,12,dinner,post_holiday,holiday,0,0.7058,423
2025-12-19,4,12,breakfast,post_holiday,holiday,0,0.3908,234
2025-12-19,4,12,lunch,post_holiday,holiday,0,0.5061,304
2025-12-19,4,12,dinner,post_holiday,holiday,0,0.7132,428
2025-12-20,5,12,breakfast,rain_weekend,holiday,1,0.202,121
2025-12-20,5,12,lunch,rain_weekend,holiday,1,0.5837,350
2025-12-20,5,12,dinner,rain_weekend,holiday,1,0.6192,372
2025-12-21,6,12,breakfast,post_holiday,holiday,0,0.4027,242
2025-12-21,6,12,lunch,post_holiday,holiday,0,0.5077,305
2025-12-21,6,12,dinner,post_holiday,holiday,0,0.7883,473
2025-12-22,0,12,breakfast,post_holiday,holiday,0,0.3448,207
2025-12-22,0,12,lunch,post_holiday,holiday,0,0.5638,338
2025-12-22,0,12,dinner,post_holiday,holiday,0,0.7108,426
2025-12-23,1,12,breakfast,post_holiday,holiday,0,0.4009,241
2025-12-23,1,12,lunch,post_holiday,holiday,0,0.4618,277
2025-12-23,1,12,dinner,post_holiday,holiday,0,0.599,359
2025-12-24,2,12,breakfast,post_holiday,holiday,0,0.3252,195
2025-12-24,2,12,lunch,post_holiday,holiday,0,0.5467,328
2025-12-24,2,12,dinner,post_holiday,holiday,0,0.5197,312
2025-12-25,3,12,breakfast,post_holiday,holiday,0,0.3669,220
2025-12-25,3,12,lunch,post_holiday,holiday,0,0.5056,303
2025-12-25,3,12,dinner,post_holiday,holiday,0,0.6534,392
2025-12-26,4,12,breakfast,post_holiday,holiday,0,0.4107,246
2025-12-26,4,12,lunch,post_holiday,holiday,0,0.5743,345
2025-12-26,4,12,dinner,post_holiday,holiday,0,0.6911,415
2025-12-27,5,12,breakfast,post_holiday,holiday,0,0.3926,236
2025-12-27,5,12,lunch,post_holiday,holiday,0,0.5638,338
2025-12-27,5,12,dinner,post_holiday,holiday,0,0.6405,384
2025-12-28,6,12,breakfast,post_holiday,holiday,0,0.3731,224
2025-12-28,6,12,lunch,post_holiday,holiday,0,0.5062,304
2025-12-28,6,12,dinner,post_holiday,holiday,0,0.6547,393
2025-12-29,0,12,breakfast,rain_weekend,holiday,1,0.1894,114
2025-12-29,0,12,lunch,rain_weekend,holiday,1,0.5682,341
2025-12-29,0,12,dinner,rain_weekend,holiday,1,0.6021,361
2025-12-30,1,12,breakfast,post_holiday,holiday,0,0.3857,231
2025-12-30,1,12,lunch,post_holiday,holiday,0,0.5043,303
2025-12-30,1,12,dinner,post_holiday,holiday,0,0.6743,405
2025-12-31,2,12,breakfast,post_holiday,holiday,0,0.3402,204
2025-12-31,2,12,lunch,post_holiday,holiday,0,0.5859,352
2025-12-31,2,12,dinner,post_holiday,holiday,0,0.6061,364
2026-01-01,3,1,breakfast,baseline,,0,0.4515,271
2026-01-01,3,1,lunch,baseline,,0,0.6912,415
2026-01-01,3,1,dinner,baseline,,0,0.7512,451
2026-01-02,4,1,breakfast,baseline,,0,0.4696,282
2026-01-02,4,1,lunch,baseline,,0,0.6088,365
2026-01-02,4,1,dinner,baseline,,0,0.8633,518
2026-01-03,5,1,breakfast,weekend,,0,0.2464,148
2026-01-03,5,1,lunch,weekend,,0,0.72,432
2026-01-03,5,1,dinner,weekend,,0,0.9052,543
2026-01-04,6,1,breakfast,best_menu,,0,0.6115,367
2026-01-04,6,1,lunch,best_menu,,0,0.7347,441
2026-01-04,6,1,dinner,best_menu,,0,0.9657,579
2026-01-05,0,1,breakfast,baseline,,0,0.4581,275
2026-01-05,0,1,lunch,baseline,,0,0.5688,341
2026-01-05,0,1,dinner,baseline,,0,0.7113,427
2026-01-06,1,1,breakfast,baseline,,0,0.4823,289
2026-01-06,1,1,lunch,baseline,,0,0.6739,404
2026-01-06,1,1,dinner,baseline,,0,0.7666,460
2026-01-07,2,1,breakfast,baseline,,0,0.4388,263
2026-01-07,2,1,lunch,baseline,,0,0.5955,357
2026-01-07,2,1,dinner,baseline,,0,0.8022,481
2026-01-08,3,1,breakfast,baseline,,0,0.488,293
2026-01-08,3,1,lunch,baseline,,0,0.5951,357
2026-01-08,3,1,dinner,baseline,,0,0.5856,351
2026-01-09,4,1,breakfast,baseline,,0,0.5012,301
2026-01-09,4,1,lunch,baseline,,0,0.613,368
2026-01-09,4,1,dinner,baseline,,0,0.705,423
2026-01-10,5,1,breakfast,weekend,,0,0.3304,198
2026-01-10,5,1,lunch,weekend,,0,0.7014,421
2026-01-10,5,1,dinner,weekend,,0,0.7649,459
2026-01-11,6,1,breakfast,best_menu,,0,0.543,326
2026-01-11,6,1,lunch,best_menu,,0,0.9024,541
2026-01-11,6,1,dinner,best_menu,,0,0.9304,558
2026-01-12,0,1,breakfast,baseline,,0,0.4921,295
2026-01-12,0,1,lunch,baseline,,0,0.5741,344
2026-01-12,0,1,dinner,baseline,,0,0.7953,477
2026-01-13,1,1,breakfast,baseline,,0,0.4382,263
2026-01-13,1,1,lunch,baseline,,0,0.5059,304
2026-01-13,1,1,dinner,baseline,,0,0.6223,373
2026-01-14,2,1,breakfast,baseline,,0,0.4691,281
2026-01-14,2,1,lunch,baseline,,0,0.6391,383
2026-01-14,2,1,dinner,baseline,,0,0.7611,457
2026-01-15,3,1,breakfast,baseline,,0,0.4043,243
2026-01-15,3,1,lunch,baseline,,0,0.6319,379
2026-01-15,3,1,dinner,baseline,,0,0.7683,461
2026-01-16,4,1,breakfast,baseline,,0,0.451,271
2026-01-16,4,1,lunch,baseline,,0,0.5523,331
2026-01-16,4,1,dinner,baseline,,0,0.8346,501
2026-01-17,5,1,breakfast,weekend,,0,0.3488,209
2026-01-17,5,1,lunch,weekend,,0,0.6982,419
2026-01-17,5,1,dinner,weekend,,0,0.8478,509
2026-01-18,6,1,breakfast,best_menu,,0,0.532,319
2026-01-18,6,1,lunch,best_menu,,0,0.7626,458
2026-01-18,6,1,dinner,best_menu,,0,0.9086,545
2026-01-19,0,1,breakfast,baseline,,0,0.4218,253
2026-01-19,0,1,lunch,baseline,,0,0.627,376
2026-01-19,0,1,dinner,baseline,,0,0.7134,428
2026-01-20,1,1,breakfast,baseline,,0,0.4468,268
2026-01-20,1,1,lunch,baseline,,0,0.7116,427
2026-01-20,1,1,dinner,baseline,,0,0.7383,443
2026-01-21,2,1,breakfast,baseline,,0,0.4024,241
2026-01-21,2,1,lunch,baseline,,0,0.6107,366
2026-01-21,2,1,dinner,baseline,,0,0.7626,458
2026-01-22,3,1,breakfast,baseline,,0,0.458,275
2026-01-22,3,1,lunch,baseline,,0,0.7034,422
2026-01-22,3,1,dinner,baseline,,0,0.7884,473
2026-01-23,4,1,breakfast,baseline,,0,0.4479,269
2026-01-23,4,1,lunch,baseline,,0,0.7544,453
2026-01-23,4,1,dinner,baseline,,0,0.7209,433
2026-01-24,5,1,breakfast,weekend,,0,0.271,163
2026-01-24,5,1,lunch,weekend,,0,0.8305,498
2026-01-24,5,1,dinner,weekend,,0,0.8347,501
2026-01-25,6,1,breakfast,rain_weekend,pre_holiday,1,0.22,132
2026-01-25,6,1,lunch,rain_weekend,pre_holiday,1,0.633,380
2026-01-25,6,1,dinner,rain_weekend,pre_holiday,1,0.7715,463
2026-01-26,0,1,breakfast,post_holiday,holiday,0,0.3752,225
2026-01-26,0,1,lunch,post_holiday,holiday,0,0.5216,313
2026-01-26,0,1,dinner,post_holiday,holiday,0,0.5333,320
2026-01-27,1,1,breakfast,post_holiday,post_holiday,0,0.375,225
2026-01-27,1,1,lunch,post_holiday,post_holiday,0,0.5737,344
2026-01-27,1,1,dinner,post_holiday,post_holiday,0,0.7529,452
2026-01-28,2,1,breakfast,baseline,,0,0.4348,261
2026-01-28,2,1,lunch,baseline,,0,0.6393,384
2026-01-28,2,1,dinner,baseline,,0,0.8092,486
2026-01-29,3,1,breakfast,baseline,,0,0.4273,256
2026-01-29,3,1,lunch,baseline,,0,0.6869,412
2026-01-29,3,1,dinner,baseline,,0,0.7727,464
2026-01-30,4,1,breakfast,baseline,,0,0.4309,259
2026-01-30,4,1,lunch,baseline,,0,0.5297,318
2026-01-30,4,1,dinner,baseline,,0,0.6765,406
2026-01-31,5,1,breakfast,weekend,,0,0.3096,186
2026-01-31,5,1,lunch,weekend,,0,0.6573,394
2026-01-31,5,1,dinner,weekend,,0,0.7727,464
2026-02-01,6,2,breakfast,best_menu,,0,0.5101,306
2026-02-01,6,2,lunch,best_menu,,0,0.8471,508
2026-02-01,6,2,dinner,best_menu,,0,0.8022,481
2026-02-02,0,2,breakfast,baseline,,0,0.4598,276
2026-02-02,0,2,lunch,baseline,,0,0.6283,377
2026-02-02,0,2,dinner,baseline,,0,0.7843,471
2026-02-03,1,2,breakfast,baseline,,0,0.4629,278
2026-02-03,1,2,lunch,baseline,,0,0.6886,413
2026-02-03,1,2,dinner,baseline,,0,0.7792,468
2026-02-04,2,2,breakfast,baseline,,0,0.4465,268
2026-02-04,2,2,lunch,baseline,,0,0.591,355
2026-02-04,2,2,dinner,baseline,,0,0.7457,447
2026-02-05,3,2,breakfast,baseline,,0,0.4457,267
2026-02-05,3,2,lunch,baseline,,0,0.5882,353
2026-02-05,3,2,dinner,baseline,,0,0.7205,432
2026-02-06,4,2,breakfast,baseline,,0,0.4366,262
2026-02-06,4,2,lunch,baseline,,0,0.6579,395
2026-02-06,4,2,dinner,baseline,,0,0.7814,469
2026-02-07,5,2,breakfast,weekend,,0,0.3342,200
2026-02-07,5,2,lunch,weekend,,0,0.7558,453
2026-02-07,5,2,dinner,weekend,,0,0.7248,435
2026-02-08,6,2,breakfast,best_menu,,0,0.5301,318
2026-02-08,6,2,lunch,best_menu,,0,0.7711,463
2026-02-08,6,2,dinner,best_menu,,0,0.818,491
2026-02-09,0,2,breakfast,baseline,,0,0.4329,260
2026-02-09,0,2,lunch,baseline,,0,0.5993,360
2026-02-09,0,2,dinner,baseline,,0,0.7311,439
2026-02-10,1,2,breakfast,baseline,,0,0.4572,274
2026-02-10,1,2,lunch,baseline,,0,0.7586,455
2026-02-10,1,2,dinner,baseline,,0,0.7602,456
2026-02-11,2,2,breakfast,baseline,,0,0.4501,270
2026-02-11,2,2,lunch,baseline,,0,0.6463,388
2026-02-11,2,2,dinner,baseline,,0,0.7761,466
2026-02-12,3,2,breakfast,exam,exam,0,0.606,364
2026-02-12,3,2,lunch,exam,exam,0,0.7837,470
2026-02-12,3,2,dinner,exam,exam,0,0.8811,529
2026-02-13,4,2,breakfast,exam,exam,0,0.6901,414
2026-02-13,4,2,lunch,exam,exam,0,0.8077,485
2026-02-13,4,2,dinner,exam,exam,0,0.8072,484
2026-02-14,5,2,breakfast,rain_exam,exam,1,0.5028,302
2026-02-14,5,2,lunch,rain_exam,exam,1,0.5995,360
2026-02-14,5,2,dinner,rain_exam,exam,1,0.7948,477
2026-02-15,6,2,breakfast,exam,exam,0,0.5923,355
2026-02-15,6,2,lunch,exam,exam,0,0.7468,448
2026-02-15,6,2,dinner,exam,exam,0,0.8304,498
2026-02-16,0,2,breakfast,exam,exam,0,0.6884,413
2026-02-16,0,2,lunch,exam,exam,0,0.6652,399
2026-02-16,0,2,dinner,exam,exam,0,0.8039,482
2026-02-17,1,2,breakfast,exam,exam,0,0.7004,420
2026-02-17,1,2,lunch,exam,exam,0,0.806,484
2026-02-17,1,2,dinner,exam,exam,0,0.8206,492
2026-02-18,2,2,breakfast,exam,exam,0,0.6092,366
2026-02-18,2,2,lunch,exam,exam,0,0.8405,504
2026-02-18,2,2,dinner,exam,exam,0,0.7881,473
2026-02-19,3,2,breakfast,exam,exam,0,0.6159,370
2026-02-19,3,2,lunch,exam,exam,0,0.8514,511
2026-02-19,3,2,dinner,exam,exam,0,0.9077,545
2026-02-20,4,2,breakfast,exam,exam,0,0.6228,374
2026-02-20,4,2,lunch,exam,exam,0,0.7792,467
2026-02-20,4,2,dinner,exam,exam,0,0.9397,564
2026-02-21,5,2,breakfast,rain_exam,exam,1,0.5854,351
2026-02-21,5,2,lunch,rain_exam,exam,1,0.7071,424
2026-02-21,5,2,dinner,rain_exam,exam,1,0.7411,445
2026-02-22,6,2,breakfast,exam,exam,0,0.6077,365
2026-02-22,6,2,lunch,exam,exam,0,0.7471,448
2026-02-22,6,2,dinner,exam,exam,0,0.9509,571
2026-02-23,0,2,breakfast,baseline,,0,0.4781,287
2026-02-23,0,2,lunch,baseline,,0,0.6479,389
2026-02-23,0,2,dinner,baseline,,0,0.7949,477
2026-02-24,1,2,breakfast,baseline,,0,0.4445,267
2026-02-24,1,2,lunch,baseline,,0,0.5916,355
2026-02-24,1,2,dinner,baseline,,0,0.6751,405
2026-02-25,2,2,breakfast,baseline,,0,0.4567,274
2026-02-25,2,2,lunch,baseline,,0,0.6682,401
2026-02-25,2,2,dinner,baseline,,0,0.7828,470
2026-02-26,3,2,breakfast,baseline,,0,0.47,282
2026-02-26,3,2,lunch,baseline,,0,0.6312,379
2026-02-26,3,2,dinner,baseline,,0,0.7748,465
2026-02-27,4,2,breakfast,baseline,,0,0.4633,278
2026-02-27,4,2,lunch,baseline,,0,0.6672,400
2026-02-27,4,2,dinner,baseline,,0,0.7098,426
2026-02-28,5,2,breakfast,rain_weekend,,1,0.19,114
2026-02-28,5,2,lunch,rain_weekend,,1,0.5747,345
2026-02-28,5,2,dinner,rain_weekend,,1,0.6067,364
2026-03-01,6,3,breakfast,best_menu,,0,0.5788,347
2026-03-01,6,3,lunch,best_menu,,0,0.8344,501
2026-03-01,6,3,dinner,best_menu,,0,1.0,600
2026-03-02,0,3,breakfast,baseline,,0,0.5591,335
2026-03-02,0,3,lunch,baseline,,0,0.6218,373
2026-03-02,0,3,dinner,baseline,,0,0.7653,459
2026-03-03,1,3,breakfast,baseline,,0,0.4634,278
2026-03-03,1,3,lunch,baseline,,0,0.6757,405
2026-03-03,1,3,dinner,baseline,,0,0.7432,446
2026-03-04,2,3,breakfast,baseline,,0,0.4586,275
2026-03-04,2,3,lunch,baseline,,0,0.647,388
2026-03-04,2,3,dinner,baseline,,0,0.6955,417
2026-03-05,3,3,breakfast,baseline,,0,0.4452,267
2026-03-05,3,3,lunch,baseline,,0,0.6025,362
2026-03-05,3,3,dinner,baseline,,0,0.7034,422
2026-03-06,4,3,breakfast,baseline,,0,0.4405,264
2026-03-06,4,3,lunch,baseline,,0,0.5595,336
2026-03-06,4,3,dinner,baseline,,0,0.7081,425
2026-03-07,5,3,breakfast,weekend,,0,0.3131,188
2026-03-07,5,3,lunch,weekend,,0,0.7311,439
2026-03-07,5,3,dinner,weekend,,0,0.8257,495
2026-03-08,6,3,breakfast,best_menu,,0,0.5479,329
2026-03-08,6,3,lunch,best_menu,,0,0.7439,446
2026-03-08,6,3,dinner,best_menu,,0,0.8554,513
2026-03-09,0,3,breakfast,baseline,,0,0.4072,244
2026-03-09,0,3,lunch,baseline,,0,0.6873,412
2026-03-09,0,3,dinner,baseline,,0,0.7913,475
2026-03-10,1,3,breakfast,fest,fest,0,0.2173,130
2026-03-10,1,3,lunch,fest,fest,0,0.1947,117
2026-03-10,1,3,dinner,fest,fest,0,0.315,189
2026-03-11,2,3,breakfast,fest,fest,0,0.2197,132
2026-03-11,2,3,lunch,fest,fest,0,0.1925,116
2026-03-11,2,3,dinner,fest,fest,0,0.3778,227
2026-03-12,3,3,breakfast,fest,fest,0,0.1907,114
2026-03-12,3,3,lunch,fest,fest,0,0.1729,104
2026-03-12,3,3,dinner,fest,fest,0,0.3832,230
2026-03-13,4,3,breakfast,rain_fest,fest,1,0.2226,134
2026-03-13,4,3,lunch,rain_fest,fest,1,0.2304,138
2026-03-13,4,3,dinner,rain_fest,fest,1,0.3926,236
2026-03-14,5,3,breakfast,weekend,,0,0.2673,160
2026-03-14,5,3,lunch,weekend,,0,0.6204,372
2026-03-14,5,3,dinner,weekend,,0,0.7318,439
2026-03-15,6,3,breakfast,best_menu,,0,0.483,290
2026-03-15,6,3,lunch,best_menu,,0,0.7926,476
2026-03-15,6,3,dinner,best_menu,,0,0.9762,586
2026-03-16,0,3,breakfast,baseline,,0,0.4426,266
2026-03-16,0,3,lunch,baseline,,0,0.6853,411
2026-03-16,0,3,dinner,baseline,,0,0.7249,435
2026-03-17,1,3,breakfast,baseline,,0,0.4919,295
2026-03-17,1,3,lunch,baseline,,0,0.6178,371
2026-03-17,1,3,dinner,baseline,,0,0.8163,490
2026-03-18,2,3,breakfast,baseline,,0,0.4377,263
2026-03-18,2,3,lunch,baseline,,0,0.6576,395
2026-03-18,2,3,dinner,baseline,,0,0.7692,462
2026-03-19,3,3,breakfast,baseline,,0,0.4303,258
2026-03-19,3,3,lunch,baseline,,0,0.6354,381
2026-03-19,3,3,dinner,baseline,,0,0.7463,448
2026-03-20,4,3,breakfast,baseline,,0,0.4131,248
2026-03-20,4,3,lunch,baseline,,0,0.6849,411
2026-03-20,4,3,dinner,baseline,,0,0.778,467
2026-03-21,5,3,breakfast,weekend,,0,0.329,197
2026-03-21,5,3,lunch,weekend,,0,0.8251,495
2026-03-21,5,3,dinner,weekend,,0,0.8461,508
2026-03-22,6,3,breakfast,best_menu,,0,0.537,322
2026-03-22,6,3,lunch,best_menu,,0,0.6937,416
2026-03-22,6,3,dinner,best_menu,,0,0.7672,460
2026-03-23,0,3,breakfast,rain,,1,0.3017,181
2026-03-23,0,3,lunch,rain,,1,0.4943,297
2026-03-23,0,3,dinner,rain,,1,0.6302,378
2026-03-24,1,3,breakfast,baseline,,0,0.4033,242
2026-03-24,1,3,lunch,baseline,,0,0.6645,399
2026-03-24,1,3,dinner,baseline,,0,0.6628,398
2026-03-25,2,3,breakfast,rain,,1,0.3549,213
2026-03-25,2,3,lunch,rain,,1,0.4875,292
2026-03-25,2,3,dinner,rain,,1,0.6774,406
2026-03-26,3,3,breakfast,baseline,,0,0.4696,282
2026-03-26,3,3,lunch,baseline,,0,0.6889,413
2026-03-26,3,3,dinner,baseline,,0,0.7945,477
2026-03-27,4,3,breakfast,baseline,,0,0.4085,245
2026-03-27,4,3,lunch,baseline,,0,0.6898,414
2026-03-27,4,3,dinner,baseline,,0,0.6988,419
2026-03-28,5,3,breakfast,weekend,,0,0.3062,184
2026-03-28,5,3,lunch,weekend,,0,0.7272,436
2026-03-28,5,3,dinner,weekend,,0,0.8044,483
2026-03-29,6,3,breakfast,best_menu,,0,0.4757,285
2026-03-29,6,3,lunch,best_menu,,0,0.8558,513
2026-03-29,6,3,dinner,best_menu,,0,0.9134,548
2026-03-30,0,3,breakfast,baseline,,0,0.4484,269
2026-03-30,0,3,lunch,baseline,,0,0.5621,337
2026-03-30,0,3,dinner,baseline,,0,0.808,485
2026-03-31,1,3,breakfast,baseline,,0,0.4623,277
2026-03-31,1,3,lunch,baseline,,0,0.6005,360
2026-03-31,1,3,dinner,baseline,,0,0.8487,509
2026-04-01,2,4,breakfast,baseline,,0,0.4379,263
2026-04-01,2,4,lunch,baseline,,0,0.6388,383
2026-04-01,2,4,dinner,baseline,,0,0.6845,411
2026-04-02,3,4,breakfast,baseline,,0,0.508,305
2026-04-02,3,4,lunch,baseline,,0,0.6085,365
2026-04-02,3,4,dinner,baseline,,0,0.7737,464
2026-04-03,4,4,breakfast,baseline,,0,0.4486,269
2026-04-03,4,4,lunch,baseline,,0,0.6175,370
2026-04-03,4,4,dinner,baseline,,0,0.7009,421
2026-04-04,5,4,breakfast,weekend,,0,0.2922,175
2026-04-04,5,4,lunch,weekend,,0,0.6901,414
2026-04-04,5,4,dinner,weekend,,0,0.7597,456
2026-04-05,6,4,breakfast,best_menu,,0,0.485,291
2026-04-05,6,4,lunch,best_menu,,0,0.8615,517
2026-04-05,6,4,dinner,best_menu,,0,0.7481,449
2026-04-06,0,4,breakfast,baseline,,0,0.4356,261
2026-04-06,0,4,lunch,baseline,,0,0.7217,433
2026-04-06,0,4,dinner,baseline,,0,0.7961,478
2026-04-07,1,4,breakfast,baseline,,0,0.497,298
2026-04-07,1,4,lunch,baseline,,0,0.5958,357
2026-04-07,1,4,dinner,baseline,,0,0.8105,486
2026-04-08,2,4,breakfast,baseline,,0,0.4886,293
2026-04-08,2,4,lunch,baseline,,0,0.6128,368
2026-04-08,2,4,dinner,baseline,,0,0.6883,413
2026-04-09,3,4,breakfast,baseline,,0,0.46,276
2026-04-09,3,4,lunch,baseline,,0,0.6083,365
2026-04-09,3,4,dinner,baseline,,0,0.7832,470
2026-04-10,4,4,breakfast,rain,,1,0.3324,199
2026-04-10,4,4,lunch,rain,,1,0.5522,331
2026-04-10,4,4,dinner,rain,,1,0.6302,378
2026-04-11,5,4,breakfast,weekend,,0,0.3036,182
2026-04-11,5,4,lunch,weekend,,0,0.7308,438
2026-04-11,5,4,dinner,weekend,,0,0.9125,548
2026-04-12,6,4,breakfast,best_menu,,0,0.575,345
2026-04-12,6,4,lunch,best_menu,,0,0.9977,599
2026-04-12,6,4,dinner,best_menu,,0,0.9371,562
2026-04-13,0,4,breakfast,baseline,,0,0.4753,285
2026-04-13,0,4,lunch,baseline,,0,0.5822,349
2026-04-13,0,4,dinner,baseline,,0,0.7234,434
2026-04-14,1,4,breakfast,baseline,,0,0.4733,284
2026-04-14,1,4,lunch,baseline,,0,0.6245,375
2026-04-14,1,4,dinner,baseline,,0,0.7583,455
2026-04-15,2,4,breakfast,baseline,,0,0.4811,289
2026-04-15,2,4,lunch,baseline,,0,0.6251,375
2026-04-15,2,4,dinner,baseline,,0,0.7098,426
2026-04-16,3,4,breakfast,baseline,,0,0.4779,287
2026-04-16,3,4,lunch,baseline,,0,0.5519,331
2026-04-16,3,4,dinner,baseline,,0,0.7312,439
2026-04-17,4,4,breakfast,baseline,,0,0.478,287
2026-04-17,4,4,lunch,baseline,,0,0.6794,408
2026-04-17,4,4,dinner,baseline,,0,0.767,460
2026-04-18,5,4,breakfast,weekend,,0,0.3015,181
2026-04-18,5,4,lunch,weekend,,0,0.6623,397
2026-04-18,5,4,dinner,weekend,,0,0.767,460
2026-04-19,6,4,breakfast,best_menu,,0,0.5319,319
2026-04-19,6,4,lunch,best_menu,,0,0.6793,408
2026-04-19,6,4,dinner,best_menu,,0,0.8714,523
2026-04-20,0,4,breakfast,exam,exam,0,0.6354,381
2026-04-20,0,4,lunch,exam,exam,0,0.7189,431
2026-04-20,0,4,dinner,exam,exam,0,0.9005,540
2026-04-21,1,4,breakfast,exam,exam,0,0.5653,339
2026-04-21,1,4,lunch,exam,exam,0,0.7129,428
2026-04-21,1,4,dinner,exam,exam,0,0.9196,552
2026-04-22,2,4,breakfast,exam,exam,0,0.6907,414
2026-04-22,2,4,lunch,exam,exam,0,0.6472,388
2026-04-22,2,4,dinner,exam,exam,0,0.8506,510
2026-04-23,3,4,breakfast,exam,exam,0,0.6592,396
2026-04-23,3,4,lunch,exam,exam,0,0.765,459
2026-04-23,3,4,dinner,exam,exam,0,0.8031,482
2026-04-24,4,4,breakfast,exam,exam,0,0.6719,403
2026-04-24,4,4,lunch,exam,exam,0,0.7818,469
2026-04-24,4,4,dinner,exam,exam,0,0.8108,486
2026-04-25,5,4,breakfast,exam,exam,0,0.5094,306
2026-04-25,5,4,lunch,exam,exam,0,0.6969,418
2026-04-25,5,4,dinner,exam,exam,0,0.8303,498
2026-04-26,6,4,breakfast,exam,exam,0,0.6586,395
2026-04-26,6,4,lunch,exam,exam,0,0.7301,438
2026-04-26,6,4,dinner,exam,exam,0,0.71,426
2026-04-27,0,4,breakfast,exam,exam,0,0.6017,361
2026-04-27,0,4,lunch,exam,exam,0,0.7618,457
2026-04-27,0,4,dinner,exam,exam,0,0.7778,467
2026-04-28,1,4,breakfast,exam,exam,0,0.6353,381
2026-04-28,1,4,lunch,exam,exam,0,0.7511,451
2026-04-28,1,4,dinner,exam,exam,0,0.8753,525
2026-04-29,2,4,breakfast,exam,exam,0,0.5701,342
2026-04-29,2,4,lunch,exam,exam,0,0.6467,388
2026-04-29,2,4,dinner,exam,exam,0,0.8262,496
2026-04-30,3,4,breakfast,rain_exam,exam,1,0.5549,333
2026-04-30,3,4,lunch,rain_exam,exam,1,0.7,420
2026-04-30,3,4,dinner,rain_exam,exam,1,0.717,430
2026-05-01,4,5,breakfast,post_holiday,holiday,0,0.3748,225
2026-05-01,4,5,lunch,post_holiday,holiday,0,0.5515,331
2026-05-01,4,5,dinner,post_holiday,holiday,0,0.6498,390
2026-05-02,5,5,breakfast,post_holiday,holiday,0,0.3628,218
2026-05-02,5,5,lunch,post_holiday,holiday,0,0.5385,323
2026-05-02,5,5,dinner,post_holiday,holiday,0,0.6549,393
2026-05-03,6,5,breakfast,post_holiday,holiday,0,0.368,221
2026-05-03,6,5,lunch,post_holiday,holiday,0,0.4745,285
2026-05-03,6,5,dinner,post_holiday,holiday,0,0.6075,364
2026-05-04,0,5,breakfast,post_holiday,holiday,0,0.3304,198
2026-05-04,0,5,lunch,post_holiday,holiday,0,0.5072,304
2026-05-04,0,5,dinner,post_holiday,holiday,0,0.5803,348
2026-05-05,1,5,breakfast,post_holiday,holiday,0,0.4018,241
2026-05-05,1,5,lunch,post_holiday,holiday,0,0.5025,301
2026-05-05,1,5,dinner,post_holiday,holiday,0,0.6201,372
2026-05-06,2,5,breakfast,post_holiday,holiday,0,0.3682,221
2026-05-06,2,5,lunch,post_holiday,holiday,0,0.559,335
2026-05-06,2,5,dinner,post_holiday,holiday,0,0.6751,405
2026-05-07,3,5,breakfast,post_holiday,holiday,0,0.4156,249
2026-05-07,3,5,lunch,post_holiday,holiday,0,0.476,286
2026-05-07,3,5,dinner,post_holiday,holiday,0,0.5701,342
2026-05-08,4,5,breakfast,post_holiday,holiday,0,0.4346,261
2026-05-08,4,5,lunch,post_holiday,holiday,0,0.563,338
2026-05-08,4,5,dinner,post_holiday,holiday,0,0.6313,379
2026-05-09,5,5,breakfast,post_holiday,holiday,0,0.3213,193
2026-05-09,5,5,lunch,post_holiday,holiday,0,0.5473,328
2026-05-09,5,5,dinner,post_holiday,holiday,0,0.6152,369
2026-05-10,6,5,breakfast,post_holiday,holiday,0,0.3853,231
2026-05-10,6,5,lunch,post_holiday,holiday,0,0.5467,328
2026-05-10,6,5,dinner,post_holiday,holiday,0,0.6812,409
2026-05-11,0,5,breakfast,post_holiday,holiday,0,0.421,253
2026-05-11,0,5,lunch,post_holiday,holiday,0,0.542,325
2026-05-11,0,5,dinner,post_holiday,holiday,0,0.6275,376
2026-05-12,1,5,breakfast,post_holiday,holiday,0,0.3533,212
2026-05-12,1,5,lunch,post_holiday,holiday,0,0.6636,398
2026-05-12,1,5,dinner,post_holiday,holiday,0,0.6523,391
2026-05-13,2,5,breakfast,post_holiday,holiday,0,0.3994,240
2026-05-13,2,5,lunch,post_holiday,holiday,0,0.623,374
2026-05-13,2,5,dinner,post_holiday,holiday,0,0.6735,404
2026-05-14,3,5,breakfast,post_holiday,holiday,0,0.4264,256
2026-05-14,3,5,lunch,post_holiday,holiday,0,0.5269,316
2026-05-14,3,5,dinner,post_holiday,holiday,0,0.6388,383
2026-05-15,4,5,breakfast,post_holiday,holiday,0,0.3995,240
2026-05-15,4,5,lunch,post_holiday,holiday,0,0.5134,308
2026-05-15,4,5,dinner,post_holiday,holiday,0,0.6384,383
2026-05-16,5,5,breakfast,post_holiday,holiday,0,0.4424,265
2026-05-16,5,5,lunch,post_holiday,holiday,0,0.6276,377
2026-05-16,5,5,dinner,post_holiday,holiday,0,0.6357,381
2026-05-17,6,5,breakfast,post_holiday,holiday,0,0.3719,223
2026-05-17,6,5,lunch,post_holiday,holiday,0,0.5896,354
2026-05-17,6,5,dinner,post_holiday,holiday,0,0.6167,370
2026-05-18,0,5,breakfast,post_holiday,holiday,0,0.4133,248
2026-05-18,0,5,lunch,post_holiday,holiday,0,0.5183,311
2026-05-18,0,5,dinner,post_holiday,holiday,0,0.6314,379
2026-05-19,1,5,breakfast,post_holiday,holiday,0,0.4049,243
2026-05-19,1,5,lunch,post_holiday,holiday,0,0.6258,375
2026-05-19,1,5,dinner,post_holiday,holiday,0,0.6699,402
2026-05-20,2,5,breakfast,post_holiday,holiday,0,0.3574,214
2026-05-20,2,5,lunch,post_holiday,holiday,0,0.5519,331
2026-05-20,2,5,dinner,post_holiday,holiday,0,0.5855,351
2026-05-21,3,5,breakfast,post_holiday,holiday,0,0.407,244
2026-05-21,3,5,lunch,post_holiday,holiday,0,0.5461,328
2026-05-21,3,5,dinner,post_holiday,holiday,0,0.5618,337
2026-05-22,4,5,breakfast,post_holiday,holiday,0,0.341,205
2026-05-22,4,5,lunch,post_holiday,holiday,0,0.563,338
2026-05-22,4,5,dinner,post_holiday,holiday,0,0.7379,443
2026-05-23,5,5,breakfast,post_holiday,holiday,0,0.3252,195
2026-05-23,5,5,lunch,post_holiday,holiday,0,0.6032,362
2026-05-23,5,5,dinner,post_holiday,holiday,0,0.6808,408
2026-05-24,6,5,breakfast,post_holiday,holiday,0,0.374,224
2026-05-24,6,5,lunch,post_holiday,holiday,0,0.5891,353
2026-05-24,6,5,dinner,post_holiday,holiday,0,0.6612,397
2026-05-25,0,5,breakfast,post_holiday,holiday,0,0.4021,241
2026-05-25,0,5,lunch,post_holiday,holiday,0,0.449,269
2026-05-25,0,5,dinner,post_holiday,holiday,0,0.622,373
2026-05-26,1,5,breakfast,post_holiday,holiday,0,0.3839,230
2026-05-26,1,5,lunch,post_holiday,holiday,0,0.52,312
2026-05-26,1,5,dinner,post_holiday,holiday,0,0.6784,407
2026-05-27,2,5,breakfast,post_holiday,holiday,0,0.4235,254
2026-05-27,2,5,lunch,post_holiday,holiday,0,0.5796,348
2026-05-27,2,5,dinner,post_holiday,holiday,0,0.6881,413
2026-05-28,3,5,breakfast,post_holiday,holiday,0,0.3915,235
2026-05-28,3,5,lunch,post_holiday,holiday,0,0.5455,327
2026-05-28,3,5,dinner,post_holiday,holiday,0,0.6213,373
2026-05-29,4,5,breakfast,post_holiday,holiday,0,0.354,212
2026-05-29,4,5,lunch,post_holiday,holiday,0,0.5294,318
2026-05-29,4,5,dinner,post_holiday,holiday,0,0.6456,387
2026-05-30,5,5,breakfast,post_holiday,holiday,0,0.3821,229
2026-05-30,5,5,lunch,post_holiday,holiday,0,0.5852,351
2026-05-30,5,5,dinner,post_holiday,holiday,0,0.688,413
2026-05-31,6,5,breakfast,post_holiday,holiday,0,0.4016,241
2026-05-31,6,5,lunch,post_holiday,holiday,0,0.5311,319
2026-05-31,6,5,dinner,post_holiday,holiday,0,0.7003,420
2026-06-01,0,6,breakfast,post_holiday,holiday,0,0.3468,208
2026-06-01,0,6,lunch,post_holiday,holiday,0,0.5487,329
2026-06-01,0,6,dinner,post_holiday,holiday,0,0.7168,430
2026-06-02,1,6,breakfast,post_holiday,holiday,0,0.3971,238
2026-06-02,1,6,lunch,post_holiday,holiday,0,0.5653,339
2026-06-02,1,6,dinner,post_holiday,holiday,0,0.5808,348
2026-06-03,2,6,breakfast,post_holiday,holiday,0,0.3406,204
2026-06-03,2,6,lunch,post_holiday,holiday,0,0.5146,309
2026-06-03,2,6,dinner,post_holiday,holiday,0,0.6878,413
2026-06-04,3,6,breakfast,post_holiday,holiday,0,0.3794,228
2026-06-04,3,6,lunch,post_holiday,holiday,0,0.5571,334
2026-06-04,3,6,dinner,post_holiday,holiday,0,0.6179,371
2026-06-05,4,6,breakfast,rain_weekend,holiday,1,0.199,119
2026-06-05,4,6,lunch,rain_weekend,holiday,1,0.6006,360
2026-06-05,4,6,dinner,rain_weekend,holiday,1,0.7017,421
2026-06-06,5,6,breakfast,post_holiday,holiday,0,0.3846,231
2026-06-06,5,6,lunch,post_holiday,holiday,0,0.5281,317
2026-06-06,5,6,dinner,post_holiday,holiday,0,0.553,332
2026-06-07,6,6,breakfast,rain_weekend,holiday,1,0.2251,135
2026-06-07,6,6,lunch,rain_weekend,holiday,1,0.6185,371
2026-06-07,6,6,dinner,rain_weekend,holiday,1,0.5961,358
2026-06-08,0,6,breakfast,post_holiday,holiday,0,0.3799,228
2026-06-08,0,6,lunch,post_holiday,holiday,0,0.6093,366
2026-06-08,0,6,dinner,post_holiday,holiday,0,0.6239,374
2026-06-09,1,6,breakfast,rain_weekend,holiday,1,0.2056,123
2026-06-09,1,6,lunch,rain_weekend,holiday,1,0.6226,374
2026-06-09,1,6,dinner,rain_weekend,holiday,1,0.5954,357
2026-06-10,2,6,breakfast,post_holiday,holiday,0,0.3731,224
2026-06-10,2,6,lunch,post_holiday,holiday,0,0.5791,347
2026-06-10,2,6,dinner,post_holiday,holiday,0,0.5921,355
2026-06-11,3,6,breakfast,post_holiday,holiday,0,0.3941,236
2026-06-11,3,6,lunch,post_holiday,holiday,0,0.535,321
2026-06-11,3,6,dinner,post_holiday,holiday,0,0.6538,392
2026-06-12,4,6,breakfast,post_holiday,holiday,0,0.3634,218
2026-06-12,4,6,lunch,post_holiday,holiday,0,0.6112,367
2026-06-12,4,6,dinner,post_holiday,holiday,0,0.6865,412
2026-06-13,5,6,breakfast,post_holiday,holiday,0,0.4008,240
2026-06-13,5,6,lunch,post_holiday,holiday,0,0.5095,306
2026-06-13,5,6,dinner,post_holiday,holiday,0,0.5733,344
2026-06-14,6,6,breakfast,post_holiday,holiday,0,0.3311,199
2026-06-14,6,6,lunch,post_holiday,holiday,0,0.5818,349
2026-06-14,6,6,dinner,post_holiday,holiday,0,0.6205,372
2026-06-15,0,6,breakfast,rain_weekend,holiday,1,0.2066,124
2026-06-15,0,6,lunch,rain_weekend,holiday,1,0.6279,377
2026-06-15,0,6,dinner,rain_weekend,holiday,1,0.6226,374
2026-06-16,1,6,breakfast,rain_weekend,holiday,1,0.2018,121
2026-06-16,1,6,lunch,rain_weekend,holiday,1,0.5397,324
2026-06-16,1,6,dinner,rain_weekend,holiday,1,0.6576,395
2026-06-17,2,6,breakfast,rain_weekend,holiday,1,0.2268,136
2026-06-17,2,6,lunch,rain_weekend,holiday,1,0.6344,381
2026-06-17,2,6,dinner,rain_weekend,holiday,1,0.6032,362
2026-06-18,3,6,breakfast,rain_weekend,holiday,1,0.2136,128
2026-06-18,3,6,lunch,rain_weekend,holiday,1,0.6348,381
2026-06-18,3,6,dinner,rain_weekend,holiday,1,0.7085,425
2026-06-19,4,6,breakfast,rain_weekend,holiday,1,0.1988,119
2026-06-19,4,6,lunch,rain_weekend,holiday,1,0.5708,342
2026-06-19,4,6,dinner,rain_weekend,holiday,1,0.5654,339
2026-06-20,5,6,breakfast,post_holiday,holiday,0,0.389,233
2026-06-20,5,6,lunch,post_holiday,holiday,0,0.5658,339
2026-06-20,5,6,dinner,post_holiday,holiday,0,0.5656,339
2026-06-21,6,6,breakfast,post_holiday,holiday,0,0.4463,268
2026-06-21,6,6,lunch,post_holiday,holiday,0,0.5451,327
2026-06-21,6,6,dinner,post_holiday,holiday,0,0.6302,378
2026-06-22,0,6,breakfast,post_holiday,holiday,0,0.4457,267
2026-06-22,0,6,lunch,post_holiday,holiday,0,0.4973,298
2026-06-22,0,6,dinner,post_holiday,holiday,0,0.6436,386
2026-06-23,1,6,breakfast,rain_weekend,holiday,1,0.1912,115
2026-06-23,1,6,lunch,rain_weekend,holiday,1,0.5976,359
2026-06-23,1,6,dinner,rain_weekend,holiday,1,0.7385,443
2026-06-24,2,6,breakfast,post_holiday,holiday,0,0.3971,238
2026-06-24,2,6,lunch,post_holiday,holiday,0,0.5253,315
2026-06-24,2,6,dinner,post_holiday,holiday,0,0.7596,456
2026-06-25,3,6,breakfast,rain_weekend,holiday,1,0.1909,115
2026-06-25,3,6,lunch,rain_weekend,holiday,1,0.5148,309
2026-06-25,3,6,dinner,rain_weekend,holiday,1,0.7411,445
2026-06-26,4,6,breakfast,rain_weekend,holiday,1,0.2387,143
2026-06-26,4,6,lunch,rain_weekend,holiday,1,0.5333,320
2026-06-26,4,6,dinner,rain_weekend,holiday,1,0.7444,447
2026-06-27,5,6,breakfast,rain_weekend,holiday,1,0.2129,128
2026-06-27,5,6,lunch,rain_weekend,holiday,1,0.5209,313
2026-06-27,5,6,dinner,rain_weekend,holiday,1,0.745,447
2026-06-28,6,6,breakfast,post_holiday,holiday,0,0.3821,229
2026-06-28,6,6,lunch,post_holiday,holiday,0,0.5696,342
2026-06-28,6,6,dinner,post_holiday,holiday,0,0.5945,357
2026-06-29,0,6,breakfast,rain_weekend,holiday,1,0.1926,116
2026-06-29,0,6,lunch,rain_weekend,holiday,1,0.5111,307
2026-06-29,0,6,dinner,rain_weekend,holiday,1,0.7126,428
2026-06-30,1,6,breakfast,post_holiday,holiday,0,0.3618,217
2026-06-30,1,6,lunch,post_holiday,holiday,0,0.5568,334
2026-06-30,1,6,dinner,post_holiday,holiday,0,0.6199,372
2026-07-01,2,7,breakfast,post_holiday,holiday,0,0.3641,218
2026-07-01,2,7,lunch,post_holiday,holiday,0,0.5034,302
2026-07-01,2,7,dinner,post_holiday,holiday,0,0.6866,412
2026-07-02,3,7,breakfast,post_holiday,holiday,0,0.4453,267
2026-07-02,3,7,lunch,post_holiday,holiday,0,0.5437,326
2026-07-02,3,7,dinner,post_holiday,holiday,0,0.5864,352
2026-07-03,4,7,breakfast,post_holiday,holiday,0,0.4027,242
2026-07-03,4,7,lunch,post_holiday,holiday,0,0.5732,344
2026-07-03,4,7,dinner,post_holiday,holiday,0,0.6937,416
2026-07-04,5,7,breakfast,post_holiday,holiday,0,0.3794,228
2026-07-04,5,7,lunch,post_holiday,holiday,0,0.5342,321
2026-07-04,5,7,dinner,post_holiday,holiday,0,0.5679,341
2026-07-05,6,7,breakfast,post_holiday,holiday,0,0.4243,255
2026-07-05,6,7,lunch,post_holiday,holiday,0,0.552,331
2026-07-05,6,7,dinner,post_holiday,holiday,0,0.5651,339
2026-07-06,0,7,breakfast,rain_weekend,holiday,1,0.2266,136
2026-07-06,0,7,lunch,rain_weekend,holiday,1,0.5957,357
2026-07-06,0,7,dinner,rain_weekend,holiday,1,0.6321,379
2026-07-07,1,7,breakfast,post_holiday,holiday,0,0.338,203
2026-07-07,1,7,lunch,post_holiday,holiday,0,0.6033,362
2026-07-07,1,7,dinner,post_holiday,holiday,0,0.6134,368
2026-07-08,2,7,breakfast,post_holiday,holiday,0,0.3849,231
2026-07-08,2,7,lunch,post_holiday,holiday,0,0.6036,362
2026-07-08,2,7,dinner,post_holiday,holiday,0,0.6463,388
2026-07-09,3,7,breakfast,post_holiday,holiday,0,0.4054,243
2026-07-09,3,7,lunch,post_holiday,holiday,0,0.5687,341
2026-07-09,3,7,dinner,post_holiday,holiday,0,0.651,391
2026-07-10,4,7,breakfast,post_holiday,holiday,0,0.4421,265
2026-07-10,4,7,lunch,post_holiday,holiday,0,0.5024,301
2026-07-10,4,7,dinner,post_holiday,holiday,0,0.6336,380
2026-07-11,5,7,breakfast,post_holiday,holiday,0,0.3957,237
2026-07-11,5,7,lunch,post_holiday,holiday,0,0.5231,314
2026-07-11,5,7,dinner,post_holiday,holiday,0,0.6493,390
2026-07-12,6,7,breakfast,post_holiday,holiday,0,0.3348,201
2026-07-12,6,7,lunch,post_holiday,holiday,0,0.5421,325
2026-07-12,6,7,dinner,post_holiday,holiday,0,0.5776,347
2026-07-13,0,7,breakfast,rain_weekend,holiday,1,0.2022,121
2026-07-13,0,7,lunch,rain_weekend,holiday,1,0.6234,374
2026-07-13,0,7,dinner,rain_weekend,holiday,1,0.6948,417
2026-07-14,1,7,breakfast,rain_weekend,holiday,1,0.1691,101
2026-07-14,1,7,lunch,rain_weekend,holiday,1,0.5347,321
2026-07-14,1,7,dinner,rain_weekend,holiday,1,0.7719,463
2026-07-15,2,7,breakfast,rain_weekend,holiday,1,0.2098,126
2026-07-15,2,7,lunch,rain_weekend,holiday,1,0.567,340
2026-07-15,2,7,dinner,rain_weekend,holiday,1,0.6709,403
2026-07-16,3,7,breakfast,rain_weekend,holiday,1,0.209,125
2026-07-16,3,7,lunch,rain_weekend,holiday,1,0.6066,364
2026-07-16,3,7,dinner,rain_weekend,holiday,1,0.6428,386
2026-07-17,4,7,breakfast,post_holiday,holiday,0,0.3915,235
2026-07-17,4,7,lunch,post_holiday,holiday,0,0.4891,293
2026-07-17,4,7,dinner,post_holiday,holiday,0,0.655,393
2026-07-18,5,7,breakfast,post_holiday,holiday,0,0.4247,255
2026-07-18,5,7,lunch,post_holiday,holiday,0,0.5728,344
2026-07-18,5,7,dinner,post_holiday,holiday,0,0.629,377
2026-07-19,6,7,breakfast,post_holiday,holiday,0,0.3428,206
2026-07-19,6,7,lunch,post_holiday,holiday,0,0.5973,358
2026-07-19,6,7,dinner,post_holiday,holiday,0,0.5933,356
2026-07-20,0,7,breakfast,rain_weekend,holiday,1,0.1973,118
2026-07-20,0,7,lunch,rain_weekend,holiday,1,0.549,329
2026-07-20,0,7,dinner,rain_weekend,holiday,1,0.6012,361
2026-07-21,1,7,breakfast,rain_weekend,holiday,1,0.1857,111
2026-07-21,1,7,lunch,rain_weekend,holiday,1,0.5644,339
2026-07-21,1,7,dinner,rain_weekend,holiday,1,0.625,375
2026-07-22,2,7,breakfast,rain_weekend,holiday,1,0.1963,118
2026-07-22,2,7,lunch,rain_weekend,holiday,1,0.5914,355
2026-07-22,2,7,dinner,rain_weekend,holiday,1,0.6985,419
2026-07-23,3,7,breakfast,post_holiday,holiday,0,0.3748,225
2026-07-23,3,7,lunch,post_holiday,holiday,0,0.5621,337
2026-07-23,3,7,dinner,post_holiday,holiday,0,0.6672,400
2026-07-24,4,7,breakfast,rain_weekend,holiday,1,0.2013,121
2026-07-24,4,7,lunch,rain_weekend,holiday,1,0.5625,337
2026-07-24,4,7,dinner,rain_weekend,holiday,1,0.6208,372
2026-07-25,5,7,breakfast,rain_weekend,holiday,1,0.2071,124
2026-07-25,5,7,lunch,rain_weekend,holiday,1,0.6219,373
2026-07-25,5,7,dinner,rain_weekend,holiday,1,0.6816,409
2026-07-26,6,7,breakfast,post_holiday,holiday,0,0.4047,243
2026-07-26,6,7,lunch,post_holiday,holiday,0,0.5822,349
2026-07-26,6,7,dinner,post_holiday,holiday,0,0.6795,408
2026-07-27,0,7,breakfast,rain_weekend,holiday,1,0.2222,133
2026-07-27,0,7,lunch,rain_weekend,holiday,1,0.611,367
2026-07-27,0,7,dinner,rain_weekend,holiday,1,0.7004,420
2026-07-28,1,7,breakfast,rain_weekend,holiday,1,0.204,122
2026-07-28,1,7,lunch,rain_weekend,holiday,1,0.5647,339
2026-07-28,1,7,dinner,rain_weekend,holiday,1,0.7041,422
2026-07-29,2,7,breakfast,post_holiday,holiday,0,0.3718,223
2026-07-29,2,7,lunch,post_holiday,holiday,0,0.5447,327
2026-07-29,2,7,dinner,post_holiday,holiday,0,0.6107,366
2026-07-30,3,7,breakfast,rain_weekend,holiday,1,0.2247,135
2026-07-30,3,7,lunch,rain_weekend,holiday,1,0.5677,341
2026-07-30,3,7,dinner,rain_weekend,holiday,1,0.6414,385
2026-07-31,4,7,breakfast,rain_weekend,holiday,1,0.1879,113
2026-07-31,4,7,lunch,rain_weekend,holiday,1,0.518,311
2026-07-31,4,7,dinner,rain_weekend,holiday,1,0.7004,420
2026-08-01,5,8,breakfast,weekend,,0,0.2912,175
2026-08-01,5,8,lunch,weekend,,0,0.6067,364
2026-08-01,5,8,dinner,weekend,,0,0.8397,504
2026-08-02,6,8,breakfast,best_menu,,0,0.5888,353
2026-08-02,6,8,lunch,best_menu,,0,0.782,469
2026-08-02,6,8,dinner,best_menu,,0,0.8545,513
2026-08-03,0,8,breakfast,rain,,1,0.3359,202
2026-08-03,0,8,lunch,rain,,1,0.5236,314
2026-08-03,0,8,dinner,rain,,1,0.6082,365
2026-08-04,1,8,breakfast,baseline,,0,0.4448,267
2026-08-04,1,8,lunch,baseline,,0,0.5689,341
2026-08-04,1,8,dinner,baseline,,0,0.7738,464
2026-08-05,2,8,breakfast,rain,,1,0.3054,183
2026-08-05,2,8,lunch,rain,,1,0.5657,339
2026-08-05,2,8,dinner,rain,,1,0.6487,389
2026-08-06,3,8,breakfast,rain,,1,0.315,189
2026-08-06,3,8,lunch,rain,,1,0.5832,350
2026-08-06,3,8,dinner,rain,,1,0.6802,408
2026-08-07,4,8,breakfast,baseline,,0,0.4834,290
2026-08-07,4,8,lunch,baseline,,0,0.6714,403
2026-08-07,4,8,dinner,baseline,,0,0.7236,434
2026-08-08,5,8,breakfast,weekend,,0,0.3101,186
2026-08-08,5,8,lunch,weekend,,0,0.7306,438
2026-08-08,5,8,dinner,weekend,,0,0.8517,511
2026-08-09,6,8,breakfast,best_menu,,0,0.4947,297
2026-08-09,6,8,lunch,best_menu,,0,0.8294,498
2026-08-09,6,8,dinner,best_menu,,0,0.8949,537
2026-08-10,0,8,breakfast,baseline,,0,0.4635,278
2026-08-10,0,8,lunch,baseline,,0,0.5395,324
2026-08-10,0,8,dinner,baseline,,0,0.6933,416
2026-08-11,1,8,breakfast,rain,,1,0.3629,218
2026-08-11,1,8,lunch,rain,,1,0.4815,289
2026-08-11,1,8,dinner,rain,,1,0.6166,370
2026-08-12,2,8,breakfast,rain,,1,0.3618,217
2026-08-12,2,8,lunch,rain,,1,0.5123,307
2026-08-12,2,8,dinner,rain,,1,0.6092,366
2026-08-13,3,8,breakfast,baseline,,0,0.4365,262
2026-08-13,3,8,lunch,baseline,,0,0.6699,402
2026-08-13,3,8,dinner,baseline,,0,0.6614,397
2026-08-14,4,8,breakfast,pre_holiday,pre_holiday,0,0.4373,262
2026-08-14,4,8,lunch,pre_holiday,pre_holiday,0,0.3613,217
2026-08-14,4,8,dinner,pre_holiday,pre_holiday,0,0.4807,288
2026-08-15,5,8,breakfast,post_holiday,holiday,0,0.3818,229
2026-08-15,5,8,lunch,post_holiday,holiday,0,0.5278,317
2026-08-15,5,8,dinner,post_holiday,holiday,0,0.5954,357
2026-08-16,6,8,breakfast,post_holiday,post_holiday,0,0.3926,236
2026-08-16,6,8,lunch,post_holiday,post_holiday,0,0.5843,351
2026-08-16,6,8,dinner,post_holiday,post_holiday,0,0.5003,300
2026-08-17,0,8,breakfast,rain,,1,0.3207,192
2026-08-17,0,8,lunch,rain,,1,0.5291,317
2026-08-17,0,8,dinner,rain,,1,0.6538,392
2026-08-18,1,8,breakfast,rain,,1,0.3089,185
2026-08-18,1,8,lunch,rain,,1,0.5109,307
2026-08-18,1,8,dinner,rain,,1,0.6209,373
2026-08-19,2,8,breakfast,rain,,1,0.3059,184
2026-08-19,2,8,lunch,rain,,1,0.5021,301
2026-08-19,2,8,dinner,rain,,1,0.6302,378
2026-08-20,3,8,breakfast,baseline,,0,0.5062,304
2026-08-20,3,8,lunch,baseline,,0,0.6181,371
2026-08-20,3,8,dinner,baseline,,0,0.8075,485
2026-08-21,4,8,breakfast,baseline,,0,0.4477,269
2026-08-21,4,8,lunch,baseline,,0,0.6227,374
2026-08-21,4,8,dinner,baseline,,0,0.7303,438
2026-08-22,5,8,breakfast,weekend,,0,0.3205,192
2026-08-22,5,8,lunch,weekend,,0,0.7129,428
2026-08-22,5,8,dinner,weekend,,0,0.7981,479
2026-08-23,6,8,breakfast,rain_weekend,,1,0.1845,111
2026-08-23,6,8,lunch,rain_weekend,,1,0.7029,422
2026-08-23,6,8,dinner,rain_weekend,,1,0.6572,394
2026-08-24,0,8,breakfast,rain,,1,0.3529,212
2026-08-24,0,8,lunch,rain,,1,0.5454,327
2026-08-24,0,8,dinner,rain,,1,0.6626,398
2026-08-25,1,8,breakfast,rain,,1,0.3086,185
2026-08-25,1,8,lunch,rain,,1,0.5261,316
2026-08-25,1,8,dinner,rain,,1,0.5633,338
2026-08-26,2,8,breakfast,baseline,,0,0.4607,276
2026-08-26,2,8,lunch,baseline,,0,0.7271,436
2026-08-26,2,8,dinner,baseline,,0,0.7552,453
2026-08-27,3,8,breakfast,rain,,1,0.3143,189
2026-08-27,3,8,lunch,rain,,1,0.6502,390
2026-08-27,3,8,dinner,rain,,1,0.6772,406
2026-08-28,4,8,breakfast,rain,,1,0.3316,199
2026-08-28,4,8,lunch,rain,,1,0.5017,301
2026-08-28,4,8,dinner,rain,,1,0.5647,339
2026-08-29,5,8,breakfast,rain_weekend,,1,0.2015,121
2026-08-29,5,8,lunch,rain_weekend,,1,0.5101,306
2026-08-29,5,8,dinner,rain_weekend,,1,0.6054,363
2026-08-30,6,8,breakfast,best_menu,,0,0.5159,310
2026-08-30,6,8,lunch,best_menu,,0,0.8253,495
2026-08-30,6,8,dinner,best_menu,,0,0.8125,488
2026-08-31,0,8,breakfast,baseline,,0,0.4074,244
2026-08-31,0,8,lunch,baseline,,0,0.7166,430
2026-08-31,0,8,dinner,baseline,,0,0.6471,388
2026-09-01,1,9,breakfast,baseline,,0,0.465,279
2026-09-01,1,9,lunch,baseline,,0,0.7177,431
2026-09-01,1,9,dinner,baseline,,0,0.7689,461
2026-09-02,2,9,breakfast,rain,,1,0.3171,190
2026-09-02,2,9,lunch,rain,,1,0.4895,294
2026-09-02,2,9,dinner,rain,,1,0.6085,365
2026-09-03,3,9,breakfast,rain,,1,0.2843,171
2026-09-03,3,9,lunch,rain,,1,0.5505,330
2026-09-03,3,9,dinner,rain,,1,0.5764,346
2026-09-04,4,9,breakfast,rain,,1,0.2837,170
2026-09-04,4,9,lunch,rain,,1,0.546,328
2026-09-04,4,9,dinner,rain,,1,0.6086,365
2026-09-05,5,9,breakfast,rain_weekend,,1,0.2052,123
2026-09-05,5,9,lunch,rain_weekend,,1,0.6593,396
2026-09-05,5,9,dinner,rain_weekend,,1,0.6264,376
2026-09-06,6,9,breakfast,rain_weekend,,1,0.1843,111
2026-09-06,6,9,lunch,rain_weekend,,1,0.5801,348
2026-09-06,6,9,dinner,rain_weekend,,1,0.6527,392
2026-09-07,0,9,breakfast,baseline,,0,0.4062,244
2026-09-07,0,9,lunch,baseline,,0,0.5617,337
2026-09-07,0,9,dinner,baseline,,0,0.6096,366
2026-09-08,1,9,breakfast,rain,,1,0.3326,200
2026-09-08,1,9,lunch,rain,,1,0.4651,279
2026-09-08,1,9,dinner,rain,,1,0.564,338
2026-09-09,2,9,breakfast,baseline,,0,0.4271,256
2026-09-09,2,9,lunch,baseline,,0,0.6496,390
2026-09-09,2,9,dinner,baseline,,0,0.7885,473
2026-09-10,3,9,breakfast,rain_exam,exam,1,0.5123,307
2026-09-10,3,9,lunch,rain_exam,exam,1,0.6543,393
2026-09-10,3,9,dinner,rain_exam,exam,1,0.6384,383
2026-09-11,4,9,breakfast,exam,exam,0,0.5671,340
2026-09-11,4,9,lunch,exam,exam,0,0.6719,403
2026-09-11,4,9,dinner,exam,exam,0,0.7945,477
2026-09-12,5,9,breakfast,rain_exam,exam,1,0.6465,388
2026-09-12,5,9,lunch,rain_exam,exam,1,0.7959,478
2026-09-12,5,9,dinner,rain_exam,exam,1,0.7054,423
2026-09-13,6,9,breakfast,rain_exam,exam,1,0.4789,287
2026-09-13,6,9,lunch,rain_exam,exam,1,0.6536,392
2026-09-13,6,9,dinner,rain_exam,exam,1,0.7148,429
2026-09-14,0,9,breakfast,exam,exam,0,0.6615,397
2026-09-14,0,9,lunch,exam,exam,0,0.7565,454
2026-09-14,0,9,dinner,exam,exam,0,0.8891,533
2026-09-15,1,9,breakfast,rain_exam,exam,1,0.5319,319
2026-09-15,1,9,lunch,rain_exam,exam,1,0.7022,421
2026-09-15,1,9,dinner,rain_exam,exam,1,0.7341,440
2026-09-16,2,9,breakfast,exam,exam,0,0.6911,415
2026-09-16,2,9,lunch,exam,exam,0,0.6499,390
2026-09-16,2,9,dinner,exam,exam,0,0.7672,460
2026-09-17,3,9,breakfast,rain_exam,exam,1,0.534,320
2026-09-17,3,9,lunch,rain_exam,exam,1,0.7069,424
2026-09-17,3,9,dinner,rain_exam,exam,1,0.7539,452
2026-09-18,4,9,breakfast,exam,exam,0,0.6706,402
2026-09-18,4,9,lunch,exam,exam,0,0.7456,447
2026-09-18,4,9,dinner,exam,exam,0,0.9498,570
2026-09-19,5,9,breakfast,exam,exam,0,0.6535,392
2026-09-19,5,9,lunch,exam,exam,0,0.8202,492
2026-09-19,5,9,dinner,exam,exam,0,0.8747,525
2026-09-20,6,9,breakfast,exam,exam,0,0.6064,364
2026-09-20,6,9,lunch,exam,exam,0,0.7746,465
2026-09-20,6,9,dinner,exam,exam,0,0.9524,571
2026-09-21,0,9,breakfast,rain,,1,0.3498,210
2026-09-21,0,9,lunch,rain,,1,0.4493,270
2026-09-21,0,9,dinner,rain,,1,0.6305,378
2026-09-22,1,9,breakfast,rain,,1,0.2982,179
2026-09-22,1,9,lunch,rain,,1,0.635,381
2026-09-22,1,9,dinner,rain,,1,0.63,378
2026-09-23,2,9,breakfast,rain,,1,0.3173,190
2026-09-23,2,9,lunch,rain,,1,0.4479,269
2026-09-23,2,9,dinner,rain,,1,0.5948,357
2026-09-24,3,9,breakfast,baseline,,0,0.4274,256
2026-09-24,3,9,lunch,baseline,,0,0.5913,355
2026-09-24,3,9,dinner,baseline,,0,0.8286,497
2026-09-25,4,9,breakfast,baseline,,0,0.4686,281
2026-09-25,4,9,lunch,baseline,,0,0.6103,366
2026-09-25,4,9,dinner,baseline,,0,0.7356,441
2026-09-26,5,9,breakfast,weekend,,0,0.2761,166
2026-09-26,5,9,lunch,weekend,,0,0.6415,385
2026-09-26,5,9,dinner,weekend,,0,0.7446,447
2026-09-27,6,9,breakfast,best_menu,,0,0.4666,280
2026-09-27,6,9,lunch,best_menu,,0,0.814,488
2026-09-27,6,9,dinner,best_menu,,0,0.9169,550
2026-09-28,0,9,breakfast,baseline,,0,0.4259,256
2026-09-28,0,9,lunch,baseline,,0,0.6483,389
2026-09-28,0,9,dinner,baseline,,0,0.7688,461
2026-09-29,1,9,breakfast,baseline,,0,0.4768,286
2026-09-29,1,9,lunch,baseline,,0,0.6726,404
2026-09-29,1,9,dinner,baseline,,0,0.7696,462
2026-09-30,2,9,breakfast,baseline,,0,0.4371,262
2026-09-30,2,9,lunch,baseline,,0,0.564,338
2026-09-30,2,9,dinner,baseline,,0,0.7016,421
2026-10-01,3,10,breakfast,pre_holiday,pre_holiday,0,0.3792,228
2026-10-01,3,10,lunch,pre_holiday,pre_holiday,0,0.4313,259
2026-10-01,3,10,dinner,pre_holiday,pre_holiday,0,0.5753,345
2026-10-02,4,10,breakfast,post_holiday,holiday,0,0.392,235
2026-10-02,4,10,lunch,post_holiday,holiday,0,0.4969,298
2026-10-02,4,10,dinner,post_holiday,holiday,0,0.6179,371
2026-10-03,5,10,breakfast,post_holiday,post_holiday,0,0.4018,241
2026-10-03,5,10,lunch,post_holiday,post_holiday,0,0.5123,307
2026-10-03,5,10,dinner,post_holiday,post_holiday,0,0.6846,411
2026-10-04,6,10,breakfast,best_menu,,0,0.5056,303
2026-10-04,6,10,lunch,best_menu,,0,0.7198,432
2026-10-04,6,10,dinner,best_menu,,0,0.9182,551
2026-10-05,0,10,breakfast,baseline,,0,0.4598,276
2026-10-05,0,10,lunch,baseline,,0,0.7468,448
2026-10-05,0,10,dinner,baseline,,0,0.8358,501
2026-10-06,1,10,breakfast,baseline,,0,0.4386,263
2026-10-06,1,10,lunch,baseline,,0,0.6571,394
2026-10-06,1,10,dinner,baseline,,0,0.6997,420
2026-10-07,2,10,breakfast,baseline,,0,0.463,278
2026-10-07,2,10,lunch,baseline,,0,0.6463,388
2026-10-07,2,10,dinner,baseline,,0,0.7912,475
2026-10-08,3,10,breakfast,baseline,,0,0.4562,274
2026-10-08,3,10,lunch,baseline,,0,0.6276,377
2026-10-08,3,10,dinner,baseline,,0,0.8405,504
2026-10-09,4,10,breakfast,baseline,,0,0.4384,263
2026-10-09,4,10,lunch,baseline,,0,0.6336,380
2026-10-09,4,10,dinner,baseline,,0,0.7617,457
2026-10-10,5,10,breakfast,weekend,,0,0.2674,160
2026-10-10,5,10,lunch,weekend,,0,0.6136,368
2026-10-10,5,10,dinner,weekend,,0,0.7277,437
2026-10-11,6,10,breakfast,best_menu,,0,0.5059,304
2026-10-11,6,10,lunch,best_menu,,0,0.8406,504
2026-10-11,6,10,dinner,best_menu,,0,0.8878,533
2026-10-12,0,10,breakfast,baseline,,0,0.4059,244
2026-10-12,0,10,lunch,baseline,,0,0.6099,366
2026-10-12,0,10,dinner,baseline,,0,0.7852,471
2026-10-13,1,10,breakfast,baseline,,0,0.4239,254
2026-10-13,1,10,lunch,baseline,,0,0.6415,385
2026-10-13,1,10,dinner,baseline,,0,0.8819,529
2026-10-14,2,10,breakfast,baseline,,0,0.425,255
2026-10-14,2,10,lunch,baseline,,0,0.6245,375
2026-10-14,2,10,dinner,baseline,,0,0.7555,453
2026-10-15,3,10,breakfast,rain,,1,0.3159,190
2026-10-15,3,10,lunch,rain,,1,0.4717,283
2026-10-15,3,10,dinner,rain,,1,0.5846,351
2026-10-16,4,10,breakfast,baseline,,0,0.4441,266
2026-10-16,4,10,lunch,baseline,,0,0.6046,363
2026-10-16,4,10,dinner,baseline,,0,0.7394,444
2026-10-17,5,10,breakfast,weekend,,0,0.3213,193
2026-10-17,5,10,lunch,weekend,,0,0.6944,417
2026-10-17,5,10,dinner,weekend,,0,0.8083,485
2026-10-18,6,10,breakfast,best_menu,,0,0.5577,335
2026-10-18,6,10,lunch,best_menu,,0,0.824,494
2026-10-18,6,10,dinner,best_menu,,0,0.9623,577
2026-10-19,0,10,breakfast,baseline,,0,0.4712,283
2026-10-19,0,10,lunch,baseline,,0,0.6283,377
2026-10-19,0,10,dinner,baseline,,0,0.7647,459
2026-10-20,1,10,breakfast,baseline,,0,0.4265,256
2026-10-20,1,10,lunch,baseline,,0,0.6015,361
2026-10-20,1,10,dinner,baseline,,0,0.7609,457
2026-10-21,2,10,breakfast,baseline,,0,0.4203,252
2026-10-21,2,10,lunch,baseline,,0,0.6295,378
2026-10-21,2,10,dinner,baseline,,0,0.7444,447
2026-10-22,3,10,breakfast,baseline,,0,0.4421,265
2026-10-22,3,10,lunch,baseline,,0,0.6254,375
2026-10-22,3,10,dinner,baseline,,0,0.7404,444
2026-10-23,4,10,breakfast,baseline,,0,0.4062,244
2026-10-23,4,10,lunch,baseline,,0,0.5916,355
2026-10-23,4,10,dinner,baseline,,0,0.5933,356
2026-10-24,5,10,breakfast,weekend,,0,0.2905,174
2026-10-24,5,10,lunch,weekend,,0,0.6714,403
2026-10-24,5,10,dinner,weekend,,0,0.8527,512
2026-10-25,6,10,breakfast,best_menu,,0,0.5367,322
2026-10-25,6,10,lunch,best_menu,,0,0.7763,466
2026-10-25,6,10,dinner,best_menu,,0,0.9739,584
2026-10-26,0,10,breakfast,baseline,,0,0.4205,252
2026-10-26,0,10,lunch,baseline,,0,0.5464,328
2026-10-26,0,10,dinner,baseline,,0,0.7235,434
2026-10-27,1,10,breakfast,baseline,,0,0.532,319
2026-10-27,1,10,lunch,baseline,,0,0.6365,382
2026-10-27,1,10,dinner,baseline,,0,0.7041,422
2026-10-28,2,10,breakfast,baseline,,0,0.4699,282
2026-10-28,2,10,lunch,baseline,,0,0.5439,326
2026-10-28,2,10,dinner,baseline,,0,0.783,470
2026-10-29,3,10,breakfast,baseline,,0,0.4657,279
2026-10-29,3,10,lunch,baseline,,0,0.6222,373
2026-10-29,3,10,dinner,baseline,,0,0.7839,470
2026-10-30,4,10,breakfast,baseline,,0,0.422,253
2026-10-30,4,10,lunch,baseline,,0,0.7271,436
2026-10-30,4,10,dinner,baseline,,0,0.7289,437
2026-10-31,5,10,breakfast,weekend,,0,0.242,145
2026-10-31,5,10,lunch,weekend,,0,0.7715,463
2026-10-31,5,10,dinner,weekend,,0,0.8754,525
2026-11-01,6,11,breakfast,best_menu,,0,0.5572,334
2026-11-01,6,11,lunch,best_menu,,0,0.8357,501
2026-11-01,6,11,dinner,best_menu,,0,0.8537,512
2026-11-02,0,11,breakfast,baseline,,0,0.4209,253
2026-11-02,0,11,lunch,baseline,,0,0.6025,361
2026-11-02,0,11,dinner,baseline,,0,0.8176,491
2026-11-03,1,11,breakfast,baseline,,0,0.4246,255
2026-11-03,1,11,lunch,baseline,,0,0.5962,358
2026-11-03,1,11,dinner,baseline,,0,0.7113,427
2026-11-04,2,11,breakfast,baseline,,0,0.414,248
2026-11-04,2,11,lunch,baseline,,0,0.6514,391
2026-11-04,2,11,dinner,baseline,,0,0.7948,477
2026-11-05,3,11,breakfast,rain,,1,0.3423,205
2026-11-05,3,11,lunch,rain,,1,0.5203,312
2026-11-05,3,11,dinner,rain,,1,0.6225,373
2026-11-06,4,11,breakfast,baseline,,0,0.4866,292
2026-11-06,4,11,lunch,baseline,,0,0.5945,357
2026-11-06,4,11,dinner,baseline,,0,0.771,463
2026-11-07,5,11,breakfast,weekend,,0,0.2747,165
2026-11-07,5,11,lunch,weekend,,0,0.6659,400
2026-11-07,5,11,dinner,weekend,,0,0.87,522
2026-11-08,6,11,breakfast,best_menu,,0,0.4903,294
2026-11-08,6,11,lunch,best_menu,,0,0.8195,492
2026-11-08,6,11,dinner,best_menu,,0,0.8895,534
2026-11-09,0,11,breakfast,baseline,,0,0.4424,265
2026-11-09,0,11,lunch,baseline,,0,0.6478,389
2026-11-09,0,11,dinner,baseline,,0,0.7272,436
2026-11-10,1,11,breakfast,baseline,,0,0.3837,230
2026-11-10,1,11,lunch,baseline,,0,0.6381,383
2026-11-10,1,11,dinner,baseline,,0,0.8697,522
2026-11-11,2,11,breakfast,baseline,,0,0.3876,233
2026-11-11,2,11,lunch,baseline,,0,0.6133,368
2026-11-11,2,11,dinner,baseline,,0,0.8373,502
2026-11-12,3,11,breakfast,baseline,,0,0.4198,252
2026-11-12,3,11,lunch,baseline,,0,0.5986,359
2026-11-12,3,11,dinner,baseline,,0,0.7164,430
2026-11-13,4,11,breakfast,baseline,,0,0.4982,299
2026-11-13,4,11,lunch,baseline,,0,0.6867,412
2026-11-13,4,11,dinner,baseline,,0,0.7774,466
2026-11-14,5,11,breakfast,weekend,,0,0.2681,161
2026-11-14,5,11,lunch,weekend,,0,0.7299,438
2026-11-14,5,11,dinner,weekend,,0,0.699,419
2026-11-15,6,11,breakfast,best_menu,,0,0.5463,328
2026-11-15,6,11,lunch,best_menu,,0,0.7272,436
2026-11-15,6,11,dinner,best_menu,,0,0.8263,496
2026-11-16,0,11,breakfast,baseline,,0,0.4681,281
2026-11-16,0,11,lunch,baseline,,0,0.6871,412
2026-11-16,0,11,dinner,baseline,,0,0.7864,472
2026-11-17,1,11,breakfast,baseline,,0,0.4231,254
2026-11-17,1,11,lunch,baseline,,0,0.5791,347
2026-11-17,1,11,dinner,baseline,,0,0.7193,432
2026-11-18,2,11,breakfast,rain_exam,exam,1,0.599,359
2026-11-18,2,11,lunch,rain_exam,exam,1,0.5547,333
2026-11-18,2,11,dinner,rain_exam,exam,1,0.6872,412
2026-11-19,3,11,breakfast,exam,exam,0,0.6541,392
2026-11-19,3,11,lunch,exam,exam,0,0.6502,390
2026-11-19,3,11,dinner,exam,exam,0,1.0,600
2026-11-20,4,11,breakfast,exam,exam,0,0.67,402
2026-11-20,4,11,lunch,exam,exam,0,0.7568,454
2026-11-20,4,11,dinner,exam,exam,0,0.8412,505
2026-11-21,5,11,breakfast,exam,exam,0,0.7603,456
2026-11-21,5,11,lunch,exam,exam,0,0.7922,475
2026-11-21,5,11,dinner,exam,exam,0,0.9237,554
2026-11-22,6,11,breakfast,exam,exam,0,0.5978,359
2026-11-22,6,11,lunch,exam,exam,0,0.8083,485
2026-11-22,6,11,dinner,exam,exam,0,0.8082,485
2026-11-23,0,11,breakfast,exam,exam,0,0.5648,339
2026-11-23,0,11,lunch,exam,exam,0,0.6136,368
2026-11-23,0,11,dinner,exam,exam,0,0.8887,533
2026-11-24,1,11,breakfast,exam,exam,0,0.5466,328
2026-11-24,1,11,lunch,exam,exam,0,0.765,459
2026-11-24,1,11,dinner,exam,exam,0,1.0,600
2026-11-25,2,11,breakfast,exam,exam,0,0.6366,382
2026-11-25,2,11,lunch,exam,exam,0,0.7339,440
2026-11-25,2,11,dinner,exam,exam,0,0.9282,557
2026-11-26,3,11,breakfast,exam,exam,0,0.6321,379
2026-11-26,3,11,lunch,exam,exam,0,0.7353,441
2026-11-26,3,11,dinner,exam,exam,0,0.8875,533
2026-11-27,4,11,breakfast,exam,exam,0,0.6431,386
2026-11-27,4,11,lunch,exam,exam,0,0.7263,436
2026-11-27,4,11,dinner,exam,exam,0,0.9623,577
2026-11-28,5,11,breakfast,exam,exam,0,0.6748,405
2026-11-28,5,11,lunch,exam,exam,0,0.8342,501
2026-11-28,5,11,dinner,exam,exam,0,0.8399,504
2026-11-29,6,11,breakfast,exam,exam,0,0.6782,407
2026-11-29,6,11,lunch,exam,exam,0,0.9252,555
2026-11-29,6,11,dinner,exam,exam,0,0.784,470
2026-11-30,0,11,breakfast,baseline,,0,0.4651,279
2026-11-30,0,11,lunch,baseline,,0,0.6535,392
2026-11-30,0,11,dinner,baseline,,0,0.867,520
2026-12-01,1,12,breakfast,baseline,,0,0.4826,290
2026-12-01,1,12,lunch,baseline,,0,0.6922,415
2026-12-01,1,12,dinner,baseline,,0,0.7923,475
2026-12-02,2,12,breakfast,baseline,,0,0.5007,300
2026-12-02,2,12,lunch,baseline,,0,0.6956,417
2026-12-02,2,12,dinner,baseline,,0,0.786,472
2026-12-03,3,12,breakfast,rain,,1,0.3224,193
2026-12-03,3,12,lunch,rain,,1,0.53,318
2026-12-03,3,12,dinner,rain,,1,0.6658,399
2026-12-04,4,12,breakfast,baseline,,0,0.4195,252
2026-12-04,4,12,lunch,baseline,,0,0.5802,348
2026-12-04,4,12,dinner,baseline,,0,0.7049,423
2026-12-05,5,12,breakfast,weekend,,0,0.2994,180
2026-12-05,5,12,lunch,weekend,,0,0.7121,427
2026-12-05,5,12,dinner,weekend,,0,0.8147,489
2026-12-06,6,12,breakfast,best_menu,,0,0.5959,358
2026-12-06,6,12,lunch,best_menu,,0,0.7829,470
2026-12-06,6,12,dinner,best_menu,,0,0.8688,521
2026-12-07,0,12,breakfast,baseline,,0,0.3839,230
2026-12-07,0,12,lunch,baseline,,0,0.5933,356
2026-12-07,0,12,dinner,baseline,,0,0.8089,485
2026-12-08,1,12,breakfast,baseline,,0,0.4902,294
2026-12-08,1,12,lunch,baseline,,0,0.7099,426
2026-12-08,1,12,dinner,baseline,,0,0.7278,437
2026-12-09,2,12,breakfast,baseline,,0,0.4903,294
2026-12-09,2,12,lunch,baseline,,0,0.6097,366
2026-12-09,2,12,dinner,baseline,,0,0.8021,481
2026-12-10,3,12,breakfast,baseline,,0,0.4328,260
2026-12-10,3,12,lunch,baseline,,0,0.5928,356
2026-12-10,3,12,dinner,baseline,,0,0.7706,462
2026-12-11,4,12,breakfast,baseline,,0,0.4434,266
2026-12-11,4,12,lunch,baseline,,0,0.5689,341
2026-12-11,4,12,dinner,baseline,,0,0.685,411
2026-12-12,5,12,breakfast,weekend,,0,0.3443,207
2026-12-12,5,12,lunch,weekend,,0,0.722,433
2026-12-12,5,12,dinner,weekend,,0,0.7591,455
2026-12-13,6,12,breakfast,rain_weekend,,1,0.1962,118
2026-12-13,6,12,lunch,rain_weekend,,1,0.5818,349
2026-12-13,6,12,dinner,rain_weekend,,1,0.6155,369
2026-12-14,0,12,breakfast,baseline,,0,0.3586,215
2026-12-14,0,12,lunch,baseline,,0,0.6738,404
2026-12-14,0,12,dinner,baseline,,0,0.7222,433
2026-12-15,1,12,breakfast,post_holiday,holiday,0,0.4352,261
2026-12-15,1,12,lunch,post_holiday,holiday,0,0.5107,306
2026-12-15,1,12,dinner,post_holiday,holiday,0,0.5989,359
2026-12-16,2,12,breakfast,post_holiday,holiday,0,0.396,238
2026-12-16,2,12,lunch,post_holiday,holiday,0,0.5225,314
2026-12-16,2,12,dinner,post_holiday,holiday,0,0.5536,332
2026-12-17,3,12,breakfast,post_holiday,holiday,0,0.4226,254
2026-12-17,3,12,lunch,post_holiday,holiday,0,0.5449,327
2026-12-17,3,12,dinner,post_holiday,holiday,0,0.6562,394
2026-12-18,4,12,breakfast,post_holiday,holiday,0,0.3631,218
2026-12-18,4,12,lunch,post_holiday,holiday,0,0.6144,369
2026-12-18,4,12,dinner,post_holiday,holiday,0,0.6238,374
2026-12-19,5,12,breakfast,post_holiday,holiday,0,0.4169,250
2026-12-19,5,12,lunch,post_holiday,holiday,0,0.5104,306
2026-12-19,5,12,dinner,post_holiday,holiday,0,0.6032,362
2026-12-20,6,12,breakfast,post_holiday,holiday,0,0.3833,230
2026-12-20,6,12,lunch,post_holiday,holiday,0,0.5529,332
2026-12-20,6,12,dinner,post_holiday,holiday,0,0.7393,444
2026-12-21,0,12,breakfast,post_holiday,holiday,0,0.3104,186
2026-12-21,0,12,lunch,post_holiday,holiday,0,0.5558,333
2026-12-21,0,12,dinner,post_holiday,holiday,0,0.6353,381
2026-12-22,1,12,breakfast,post_holiday,holiday,0,0.3947,237
2026-12-22,1,12,lunch,post_holiday,holiday,0,0.5523,331
2026-12-22,1,12,dinner,post_holiday,holiday,0,0.6319,379
2026-12-23,2,12,breakfast,post_holiday,holiday,0,0.4021,241
2026-12-23,2,12,lunch,post_holiday,holiday,0,0.5182,311
2026-12-23,2,12,dinner,post_holiday,holiday,0,0.5853,351
2026-12-24,3,12,breakfast,post_holiday,holiday,0,0.3614,217
2026-12-24,3,12,lunch,post_holiday,holiday,0,0.546,328
2026-12-24,3,12,dinner,post_holiday,holiday,0,0.5576,335
2026-12-25,4,12,breakfast,post_holiday,holiday,0,0.3547,213
2026-12-25,4,12,lunch,post_holiday,holiday,0,0.5225,313
2026-12-25,4,12,dinner,post_holiday,holiday,0,0.6863,412
2026-12-26,5,12,breakfast,post_holiday,holiday,0,0.4008,240
2026-12-26,5,12,lunch,post_holiday,holiday,0,0.4649,279
2026-12-26,5,12,dinner,post_holiday,holiday,0,0.7264,436
2026-12-27,6,12,breakfast,post_holiday,holiday,0,0.4302,258
2026-12-27,6,12,lunch,post_holiday,holiday,0,0.5859,352
2026-12-27,6,12,dinner,post_holiday,holiday,0,0.6626,398
2026-12-28,0,12,breakfast,post_holiday,holiday,0,0.388,233
2026-12-28,0,12,lunch,post_holiday,holiday,0,0.5213,313
2026-12-28,0,12,dinner,post_holiday,holiday,0,0.6348,381
2026-12-29,1,12,breakfast,post_holiday,holiday,0,0.3208,192
2026-12-29,1,12,lunch,post_holiday,holiday,0,0.5903,354
2026-12-29,1,12,dinner,post_holiday,holiday,0,0.6292,378
2026-12-30,2,12,breakfast,post_holiday,holiday,0,0.3661,220
2026-12-30,2,12,lunch,post_holiday,holiday,0,0.5572,334
2026-12-30,2,12,dinner,post_holiday,holiday,0,0.588,353
2026-12-31,3,12,breakfast,post_holiday,holiday,0,0.3958,237
2026-12-31,3,12,lunch,post_holiday,holiday,0,0.5642,338
2026-12-31,3,12,dinner,post_holiday,holiday,0,0.6232,374
